-- MySQL Script generated by MySQL Workbench
-- 02/23/19 16:17:42
-- Model: New Model    Version: 1.0
-- MySQL Workbench Forward Engineering

SET @OLD_UNIQUE_CHECKS=@@UNIQUE_CHECKS, UNIQUE_CHECKS=0;
SET @OLD_FOREIGN_KEY_CHECKS=@@FOREIGN_KEY_CHECKS, FOREIGN_KEY_CHECKS=0;
SET @OLD_SQL_MODE=@@SQL_MODE, SQL_MODE='TRADITIONAL,ALLOW_INVALID_DATES';

-- -----------------------------------------------------
-- Schema db_test
-- -----------------------------------------------------
DROP SCHEMA IF EXISTS `db_test` ;

-- -----------------------------------------------------
-- Schema db_test
-- -----------------------------------------------------
CREATE SCHEMA IF NOT EXISTS `db_test` DEFAULT CHARACTER SET utf8 ;
USE `db_test` ;

-- -----------------------------------------------------
-- Table `db_test`.`rol`
-- -----------------------------------------------------
DROP TABLE IF EXISTS `db_test`.`rol` ;

CREATE TABLE IF NOT EXISTS `db_test`.`rol` (
  `id` INT UNSIGNED NOT NULL AUTO_INCREMENT,
  `nombre` VARCHAR(25) NOT NULL,
  `created_at` TIMESTAMP NOT NULL DEFAULT current_timestamp,
  `updated_at` TIMESTAMP NULL DEFAULT null,
  PRIMARY KEY (`id`));


-- -----------------------------------------------------
-- Table `db_test`.`cargo`
-- -----------------------------------------------------
DROP TABLE IF EXISTS `db_test`.`cargo` ;

CREATE TABLE IF NOT EXISTS `db_test`.`cargo` (
  `id` INT UNSIGNED NOT NULL AUTO_INCREMENT,
  `abreviatura` VARCHAR(5) NULL,
  `descripcion` VARCHAR(100) NULL,
  `tipo_empleado` INT UNSIGNED NOT NULL,
  `created_at` TIMESTAMP NOT NULL DEFAULT current_timestamp,
  `updated_at` TIMESTAMP NULL DEFAULT null,
  `deleted_at` TIMESTAMP NULL DEFAULT null,
  PRIMARY KEY (`id`));


-- -----------------------------------------------------
-- Table `db_test`.`empleado`
-- -----------------------------------------------------
DROP TABLE IF EXISTS `db_test`.`empleado` ;

CREATE TABLE IF NOT EXISTS `db_test`.`empleado` (
  `id` INT UNSIGNED NOT NULL AUTO_INCREMENT,
  `cargo_id` INT UNSIGNED NOT NULL,
  `horas_semanales` DOUBLE UNSIGNED NOT NULL,
  `fecha_ingreso` DATE NOT NULL,
  `tipo_personal` INT UNSIGNED NOT NULL,
  `nombres` VARCHAR(100) NOT NULL,
  `apellidos` VARCHAR(100) NOT NULL,
  `cedula` VARCHAR(12) NOT NULL,
  `sso` TINYINT(1) NOT NULL DEFAULT 0,
  `lph` TINYINT(1) NOT NULL DEFAULT 0,
  `tiempo_completo` TINYINT(1) NULL DEFAULT 0,
  `prestaciones_sociales_acumuladas` DOUBLE NULL DEFAULT 0,
  `created_at` TIMESTAMP NOT NULL DEFAULT current_timestamp,
  `updated_at` TIMESTAMP NULL DEFAULT null,
  `deleted_at` TIMESTAMP NULL DEFAULT null,
  INDEX `fk_empleado_cargo_idx` (`cargo_id` ASC),
  PRIMARY KEY (`id`),
  UNIQUE INDEX `cedula_UNIQUE` (`cedula` ASC),
  CONSTRAINT `fk_empleado_cargo`
    FOREIGN KEY (`cargo_id`)
    REFERENCES `db_test`.`cargo` (`id`)
    ON DELETE NO ACTION
    ON UPDATE NO ACTION);


-- -----------------------------------------------------
-- Table `db_test`.`user`
-- -----------------------------------------------------
DROP TABLE IF EXISTS `db_test`.`user` ;

CREATE TABLE IF NOT EXISTS `db_test`.`user` (
  `id` INT UNSIGNED NOT NULL AUTO_INCREMENT,
  `cedula` VARCHAR(12) NOT NULL,
  `password` VARCHAR(100) NOT NULL,
  `rol_id` INT UNSIGNED NOT NULL,
  `empleado_id` INT UNSIGNED NULL,
  `remember_token` VARCHAR(100) NULL DEFAULT NULL,
  `created_at` TIMESTAMP NOT NULL DEFAULT current_timestamp,
  `updated_at` TIMESTAMP NULL DEFAULT null,
  PRIMARY KEY (`id`),
  INDEX `fk_user_rol_idx` (`rol_id` ASC),
  INDEX `fk_user_empleado_idx` (`empleado_id` ASC),
  UNIQUE INDEX `cedula_UNIQUE` (`cedula` ASC),
  CONSTRAINT `fk_user_rol`
    FOREIGN KEY (`rol_id`)
    REFERENCES `db_test`.`rol` (`id`)
    ON DELETE NO ACTION
    ON UPDATE NO ACTION,
  CONSTRAINT `fk_user_empleado`
    FOREIGN KEY (`empleado_id`)
    REFERENCES `db_test`.`empleado` (`id`)
    ON DELETE NO ACTION
    ON UPDATE NO ACTION);


-- -----------------------------------------------------
-- Table `db_test`.`categoria_docente`
-- -----------------------------------------------------
DROP TABLE IF EXISTS `db_test`.`categoria_docente` ;

CREATE TABLE IF NOT EXISTS `db_test`.`categoria_docente` (
  `id` INT UNSIGNED NOT NULL AUTO_INCREMENT,
  `abreviatura` VARCHAR(3) NOT NULL,
  `categoria` VARCHAR(45) NOT NULL,
  `anos` INT UNSIGNED NOT NULL,
  `esp_post` TINYINT(1) NOT NULL,
  `valor_hora` DOUBLE UNSIGNED NOT NULL,
  `created_at` TIMESTAMP NOT NULL DEFAULT current_timestamp,
  `updated_at` TIMESTAMP NULL DEFAULT NULL,
  PRIMARY KEY (`id`));


-- -----------------------------------------------------
-- Table `db_test`.`docente`
-- -----------------------------------------------------
DROP TABLE IF EXISTS `db_test`.`docente` ;

CREATE TABLE IF NOT EXISTS `db_test`.`docente` (
  `id` INT UNSIGNED NOT NULL AUTO_INCREMENT,
  `empleado_id` INT UNSIGNED NOT NULL,
  `categoria_docente_id` INT UNSIGNED NOT NULL,
  `titulo_docente` INT UNSIGNED NOT NULL,
  `especializacion` TINYINT(1) NOT NULL DEFAULT 0,
  `postgrado` TINYINT(1) NOT NULL DEFAULT 0,
  `created_at` TIMESTAMP NOT NULL DEFAULT current_timestamp,
  `updated_at` TIMESTAMP NULL DEFAULT null,
  `deleted_at` TIMESTAMP NULL DEFAULT null,
  PRIMARY KEY (`id`),
  INDEX `fk_docente_empleado_idx` (`empleado_id` ASC),
  INDEX `fk_docente_categoriaDocente_idx` (`categoria_docente_id` ASC),
  CONSTRAINT `fk_docente_empleado`
    FOREIGN KEY (`empleado_id`)
    REFERENCES `db_test`.`empleado` (`id`)
    ON DELETE NO ACTION
    ON UPDATE NO ACTION,
  CONSTRAINT `fk_docente_categoriaDocente`
    FOREIGN KEY (`categoria_docente_id`)
    REFERENCES `db_test`.`categoria_docente` (`id`)
    ON DELETE NO ACTION
    ON UPDATE NO ACTION);


-- -----------------------------------------------------
-- Table `db_test`.`clasificacion_administrativo`
-- -----------------------------------------------------
DROP TABLE IF EXISTS `db_test`.`clasificacion_administrativo` ;

CREATE TABLE IF NOT EXISTS `db_test`.`clasificacion_administrativo` (
  `id` INT UNSIGNED NOT NULL AUTO_INCREMENT,
  `nivel` VARCHAR(4) NOT NULL,
  `grado` VARCHAR(3) NOT NULL,
  `monto` DOUBLE UNSIGNED NOT NULL,
  `created_at` TIMESTAMP NOT NULL DEFAULT current_timestamp,
  `updated_at` TIMESTAMP NULL DEFAULT null,
  PRIMARY KEY (`id`));


-- -----------------------------------------------------
-- Table `db_test`.`clasificacion_obrero`
-- -----------------------------------------------------
DROP TABLE IF EXISTS `db_test`.`clasificacion_obrero` ;

CREATE TABLE IF NOT EXISTS `db_test`.`clasificacion_obrero` (
  `id` INT UNSIGNED NOT NULL AUTO_INCREMENT,
  `paso` INT UNSIGNED NOT NULL,
  `grado` INT UNSIGNED NOT NULL,
  `monto` DOUBLE UNSIGNED NOT NULL,
  `created_at` TIMESTAMP NOT NULL DEFAULT current_timestamp,
  `updated_at` TIMESTAMP NULL DEFAULT null,
  PRIMARY KEY (`id`));


-- -----------------------------------------------------
-- Table `db_test`.`administrativo`
-- -----------------------------------------------------
DROP TABLE IF EXISTS `db_test`.`administrativo` ;

CREATE TABLE IF NOT EXISTS `db_test`.`administrativo` (
  `id` INT UNSIGNED NOT NULL AUTO_INCREMENT,
  `empleado_id` INT UNSIGNED NOT NULL,
  `nivel_instruccion` INT UNSIGNED NOT NULL,
  `clasificacion_administrativo_id` INT UNSIGNED NOT NULL,
  `created_at` TIMESTAMP NOT NULL DEFAULT current_timestamp,
  `updated_at` TIMESTAMP NULL DEFAULT null,
  `deleted_at` TIMESTAMP NULL DEFAULT null,
  PRIMARY KEY (`id`),
  INDEX `fk_administrativo_empleado_idx` (`empleado_id` ASC),
  INDEX `fk_administrativo_clasificacionAdministrativo_idx` (`clasificacion_administrativo_id` ASC),
  CONSTRAINT `fk_administrativo_empleado`
    FOREIGN KEY (`empleado_id`)
    REFERENCES `db_test`.`empleado` (`id`)
    ON DELETE NO ACTION
    ON UPDATE NO ACTION,
  CONSTRAINT `fk_administrativo_clasificacionAdministrativo`
    FOREIGN KEY (`clasificacion_administrativo_id`)
    REFERENCES `db_test`.`clasificacion_administrativo` (`id`)
    ON DELETE NO ACTION
    ON UPDATE NO ACTION);


-- -----------------------------------------------------
-- Table `db_test`.`obrero`
-- -----------------------------------------------------
DROP TABLE IF EXISTS `db_test`.`obrero` ;

CREATE TABLE IF NOT EXISTS `db_test`.`obrero` (
  `id` INT UNSIGNED NOT NULL AUTO_INCREMENT,
  `empleado_id` INT UNSIGNED NOT NULL,
  `nivel_instruccion` INT UNSIGNED NOT NULL,
  `clasificacion_obrero_id` INT UNSIGNED NOT NULL,
  `created_at` TIMESTAMP NOT NULL DEFAULT current_timestamp,
  `updated_at` TIMESTAMP NULL DEFAULT null,
  `deleted_at` TIMESTAMP NULL DEFAULT null,
  PRIMARY KEY (`id`),
  INDEX `fk_obrero_empleado_idx` (`empleado_id` ASC),
  INDEX `fk_obrero_clasificacionObrero_idx` (`clasificacion_obrero_id` ASC),
  CONSTRAINT `fk_obrero_empleado`
    FOREIGN KEY (`empleado_id`)
    REFERENCES `db_test`.`empleado` (`id`)
    ON DELETE NO ACTION
    ON UPDATE NO ACTION,
  CONSTRAINT `fk_obrero_clasificacionObrero`
    FOREIGN KEY (`clasificacion_obrero_id`)
    REFERENCES `db_test`.`clasificacion_obrero` (`id`)
    ON DELETE NO ACTION
    ON UPDATE NO ACTION);


-- -----------------------------------------------------
-- Table `db_test`.`variables_globales`
-- -----------------------------------------------------
DROP TABLE IF EXISTS `db_test`.`variables_globales` ;

CREATE TABLE IF NOT EXISTS `db_test`.`variables_globales` (
  `id` INT UNSIGNED NOT NULL AUTO_INCREMENT,
  `descripcion` VARCHAR(45) NULL,
  `tipo_valor` INT UNSIGNED NOT NULL,
  `formula` INT UNSIGNED NOT NULL,
  `updated_at` TIMESTAMP NULL DEFAULT null,
  `created_at` TIMESTAMP NOT NULL DEFAULT current_timestamp,
  PRIMARY KEY (`id`));


-- -----------------------------------------------------
-- Table `db_test`.`recibo_prestacionesSociales`
-- -----------------------------------------------------
DROP TABLE IF EXISTS `db_test`.`recibo_prestacionesSociales` ;

CREATE TABLE IF NOT EXISTS `db_test`.`recibo_prestacionesSociales` (
  `id` INT UNSIGNED NOT NULL AUTO_INCREMENT,
  `trimestre` VARCHAR(1) NOT NULL,
  `ano` VARCHAR(4) NOT NULL,
  `created_at` TIMESTAMP NOT NULL DEFAULT current_timestamp,
  `updated_at` TIMESTAMP NULL DEFAULT null,
  PRIMARY KEY (`id`));


-- -----------------------------------------------------
-- Table `db_test`.`prestaciones_sociales`
-- -----------------------------------------------------
DROP TABLE IF EXISTS `db_test`.`prestaciones_sociales` ;

CREATE TABLE IF NOT EXISTS `db_test`.`prestaciones_sociales` (
  `id` INT UNSIGNED NOT NULL AUTO_INCREMENT,
  `recibo_prestacionesSociales_id` INT UNSIGNED NOT NULL,
  `empleado_id` INT UNSIGNED NOT NULL,
  `monto` DOUBLE UNSIGNED NOT NULL,
  `created_at` TIMESTAMP NOT NULL DEFAULT current_timestamp,
  `updated_at` TIMESTAMP NULL DEFAULT null,
  `deleted_at` TIMESTAMP NULL DEFAULT null,
  PRIMARY KEY (`id`),
  INDEX `fk_prestacionesSociales_reciboPrestacionesSociales_idx` (`recibo_prestacionesSociales_id` ASC),
  INDEX `fk_prestacionesSociales_empleado_idx` (`empleado_id` ASC),
  CONSTRAINT `fk_prestacionesSociales_reciboPrestacionesSociales`
    FOREIGN KEY (`recibo_prestacionesSociales_id`)
    REFERENCES `db_test`.`recibo_prestacionesSociales` (`id`)
    ON DELETE NO ACTION
    ON UPDATE NO ACTION,
  CONSTRAINT `fk_prestacionesSociales_empleado`
    FOREIGN KEY (`empleado_id`)
    REFERENCES `db_test`.`empleado` (`id`)
    ON DELETE NO ACTION
    ON UPDATE NO ACTION);


-- -----------------------------------------------------
-- Table `db_test`.`recibo`
-- -----------------------------------------------------
DROP TABLE IF EXISTS `db_test`.`recibo` ;

CREATE TABLE IF NOT EXISTS `db_test`.`recibo` (
  `id` INT UNSIGNED NOT NULL AUTO_INCREMENT,
  `mes` VARCHAR(2) NOT NULL,
  `ano` VARCHAR(4) NOT NULL,
  `completo` TINYINT(1) NOT NULL DEFAULT 0 COMMENT 'Para determinar si el recibo de nómina está cerrado\n0 = Recibo creado Sin calculo de Quincena\n1 = Primera quincena calculada\n2 = Segunda quincena calculada',
  `tipo_cestaticket` CHAR(1) NOT NULL DEFAULT 0 COMMENT 'En Base a qué se realiza el cálculo del cestaticket\n0 = Sin Recibo Aún\nA = Unidades Tributarias\nB = Sueldo Mínimo Nacional',
  `created_at` TIMESTAMP NOT NULL DEFAULT current_timestamp,
  `updated_at` TIMESTAMP NULL DEFAULT null,
  PRIMARY KEY (`id`));


-- -----------------------------------------------------
-- Table `db_test`.`cestaticket`
-- -----------------------------------------------------
DROP TABLE IF EXISTS `db_test`.`cestaticket` ;

CREATE TABLE IF NOT EXISTS `db_test`.`cestaticket` (
  `id` INT UNSIGNED NOT NULL AUTO_INCREMENT,
  `empleado_id` INT UNSIGNED NOT NULL,
  `recibo_id` INT UNSIGNED NOT NULL,
  `cestaticket_valor` DOUBLE UNSIGNED NOT NULL,
  `faltas` INT UNSIGNED NOT NULL,
  `tickets_mes` DOUBLE UNSIGNED NOT NULL,
  `asignacion` DOUBLE UNSIGNED NOT NULL,
  `created_at` TIMESTAMP NOT NULL DEFAULT current_timestamp,
  `updated_at` TIMESTAMP NULL DEFAULT null,
  `deleted_at` TIMESTAMP NULL DEFAULT null,
  PRIMARY KEY (`id`, `asignacion`),
  INDEX `fk_cestaticket_empleado_idx` (`empleado_id` ASC),
  INDEX `fk_cestaticket_recibo_idx` (`recibo_id` ASC),
  CONSTRAINT `fk_cestaticket_empleado`
    FOREIGN KEY (`empleado_id`)
    REFERENCES `db_test`.`empleado` (`id`)
    ON DELETE NO ACTION
    ON UPDATE NO ACTION,
  CONSTRAINT `fk_cestaticket_recibo`
    FOREIGN KEY (`recibo_id`)
    REFERENCES `db_test`.`recibo` (`id`)
    ON DELETE NO ACTION
    ON UPDATE NO ACTION);


-- -----------------------------------------------------
-- Table `db_test`.`registro_nomina`
-- -----------------------------------------------------
DROP TABLE IF EXISTS `db_test`.`registro_nomina` ;

CREATE TABLE IF NOT EXISTS `db_test`.`registro_nomina` (
  `id` INT UNSIGNED NOT NULL AUTO_INCREMENT,
  `nombre` VARCHAR(45) NOT NULL,
  `tipo_valor` INT UNSIGNED NOT NULL,
  `codigo_nomina` VARCHAR(8) NOT NULL,
  `tipo_nomina` INT UNSIGNED NOT NULL,
  `basado_en` INT UNSIGNED NOT NULL,
  `requerido` INT UNSIGNED NULL COMMENT 'Determina si puede o no ser borrado\n0 = Puede ser borrado\n1 = No se puede borrar',
  `determinado` TINYINT(1) NOT NULL COMMENT 'Corresponde al tipo de cálculo que se realiza para cada uno de estos registros\n1 = Automático\n2 = Manual\n3 = Otro tipo',
  `carga_horaria` TINYINT(1) NULL COMMENT 'De no ser tiempo completo se debe prorratear',
  `created_at` TIMESTAMP NOT NULL DEFAULT current_timestamp,
  `updated_at` TIMESTAMP NULL DEFAULT null,
  PRIMARY KEY (`id`));


-- -----------------------------------------------------
-- Table `db_test`.`registroNomina_tipoEmpleado`
-- -----------------------------------------------------
DROP TABLE IF EXISTS `db_test`.`registroNomina_tipoEmpleado` ;

CREATE TABLE IF NOT EXISTS `db_test`.`registroNomina_tipoEmpleado` (
  `id` INT UNSIGNED NOT NULL AUTO_INCREMENT,
  `registroNomina_id` INT UNSIGNED NOT NULL,
  `cantidad` DOUBLE UNSIGNED NOT NULL,
  `tipo_empleado` INT UNSIGNED NOT NULL,
  `depende_de` INT UNSIGNED NOT NULL,
  `updated_at` TIMESTAMP NULL DEFAULT NULL,
  `created_at` TIMESTAMP NOT NULL DEFAULT current_timestamp,
  PRIMARY KEY (`id`),
  INDEX `fk_registroNominaTipoEmpleado_registroNomina_idx` (`registroNomina_id` ASC),
  CONSTRAINT `fk_registroNominaTipoEmpleado_registroNomina`
    FOREIGN KEY (`registroNomina_id`)
    REFERENCES `db_test`.`registro_nomina` (`id`)
    ON DELETE NO ACTION
    ON UPDATE NO ACTION);


-- -----------------------------------------------------
-- Table `db_test`.`recibo_empleado`
-- -----------------------------------------------------
DROP TABLE IF EXISTS `db_test`.`recibo_empleado` ;

CREATE TABLE IF NOT EXISTS `db_test`.`recibo_empleado` (
  `id` INT UNSIGNED NOT NULL AUTO_INCREMENT,
  `recibo_id` INT UNSIGNED NOT NULL,
  `empleado_id` INT UNSIGNED NOT NULL,
  `valor_por_hora` DOUBLE UNSIGNED NOT NULL,
  `horas_semanales` DOUBLE UNSIGNED NOT NULL,
  `monto_total` DOUBLE UNSIGNED NOT NULL,
  `primer_quincena` DOUBLE UNSIGNED NOT NULL,
  `created_at` TIMESTAMP NOT NULL DEFAULT current_timestamp,
  `updated_at` TIMESTAMP NULL DEFAULT null,
  `deleted_at` TIMESTAMP NULL DEFAULT null,
  PRIMARY KEY (`id`),
  INDEX `fk_reciboEmpleado_recibo_idx` (`recibo_id` ASC),
  INDEX `fk_reciboEmpleado_expleado_idx` (`empleado_id` ASC),
  CONSTRAINT `fk_reciboEmpleado_recibo`
    FOREIGN KEY (`recibo_id`)
    REFERENCES `db_test`.`recibo` (`id`)
    ON DELETE NO ACTION
    ON UPDATE NO ACTION,
  CONSTRAINT `fk_reciboEmpleado_empleado`
    FOREIGN KEY (`empleado_id`)
    REFERENCES `db_test`.`empleado` (`id`)
    ON DELETE NO ACTION
    ON UPDATE NO ACTION);


-- -----------------------------------------------------
-- Table `db_test`.`recordatorio`
-- -----------------------------------------------------
DROP TABLE IF EXISTS `db_test`.`recordatorio` ;

CREATE TABLE IF NOT EXISTS `db_test`.`recordatorio` (
  `id` INT UNSIGNED NOT NULL AUTO_INCREMENT,
  `empleado_id` INT UNSIGNED NOT NULL,
  `nota` VARCHAR(500) NOT NULL,
  `fecha` DATE NOT NULL,
  `created_at` TIMESTAMP NOT NULL DEFAULT current_timestamp,
  `updated_at` TIMESTAMP NULL DEFAULT null,
  `deleted_at` TIMESTAMP NULL DEFAULT null,
  PRIMARY KEY (`id`),
  INDEX `fk_recordatorio_empleado_idx` (`empleado_id` ASC),
  CONSTRAINT `fk_recordatorio_empleado`
    FOREIGN KEY (`empleado_id`)
    REFERENCES `db_test`.`empleado` (`id`)
    ON DELETE NO ACTION
    ON UPDATE NO ACTION);


-- -----------------------------------------------------
-- Table `db_test`.`registroNomina_reciboEmpleado`
-- -----------------------------------------------------
DROP TABLE IF EXISTS `db_test`.`registroNomina_reciboEmpleado` ;

CREATE TABLE IF NOT EXISTS `db_test`.`registroNomina_reciboEmpleado` (
  `id` INT UNSIGNED NOT NULL AUTO_INCREMENT,
  `registroNomina_id` INT UNSIGNED NOT NULL,
  `reciboEmpleado_id` INT UNSIGNED NOT NULL,
  `monto_base` DOUBLE UNSIGNED NOT NULL,
  `cantidad` DOUBLE UNSIGNED NOT NULL,
  `monto_total` DOUBLE UNSIGNED NOT NULL,
  `created_at` TIMESTAMP NOT NULL DEFAULT current_timestamp,
  `updated_at` TIMESTAMP NULL DEFAULT null,
  PRIMARY KEY (`id`),
  INDEX `fk_registroNominaReciboEmpleado_ReciboEmpleado_idx` (`reciboEmpleado_id` ASC),
  INDEX `fk_registroNominaReciboEmpleado_registroNomina_idx` (`registroNomina_id` ASC),
  CONSTRAINT `fk_reciboNominaReciboEmpleado_ReciboEmpleado`
    FOREIGN KEY (`reciboEmpleado_id`)
    REFERENCES `db_test`.`recibo_empleado` (`id`)
    ON DELETE NO ACTION
    ON UPDATE NO ACTION,
  CONSTRAINT `fk_registroNominaReciboEmpleado_registroNomina`
    FOREIGN KEY (`registroNomina_id`)
    REFERENCES `db_test`.`registro_nomina` (`id`)
    ON DELETE NO ACTION
    ON UPDATE NO ACTION);


-- -----------------------------------------------------
-- Table `db_test`.`variablesGlobales_tipoEmpleado`
-- -----------------------------------------------------
DROP TABLE IF EXISTS `db_test`.`variablesGlobales_tipoEmpleado` ;

CREATE TABLE IF NOT EXISTS `db_test`.`variablesGlobales_tipoEmpleado` (
  `id` INT UNSIGNED NOT NULL AUTO_INCREMENT,
  `variablesGlobales_id` INT UNSIGNED NOT NULL,
  `tipo_empleado` INT UNSIGNED NOT NULL,
  `cantidad` DOUBLE UNSIGNED NOT NULL,
  `updated_at` TIMESTAMP NULL DEFAULT NULL,
  PRIMARY KEY (`id`),
  INDEX `fk_variablesGlobalesTipoEmpleado_variablesGlobales_idx` (`variablesGlobales_id` ASC),
  CONSTRAINT `fk_variablesGlobalesTipoEmpleado_variablesGlobales`
    FOREIGN KEY (`variablesGlobales_id`)
    REFERENCES `db_test`.`variables_globales` (`id`)
    ON DELETE NO ACTION
    ON UPDATE NO ACTION);


SET SQL_MODE=@OLD_SQL_MODE;
SET FOREIGN_KEY_CHECKS=@OLD_FOREIGN_KEY_CHECKS;
SET UNIQUE_CHECKS=@OLD_UNIQUE_CHECKS;

-- -----------------------------------------------------
-- Data for table `db_test`.`rol`
-- -----------------------------------------------------
START TRANSACTION;
USE `db_test`;
INSERT INTO `db_test`.`rol` (`id`, `nombre`, `created_at`, `updated_at`) VALUES (1, 'Administrador del Sistema', DEFAULT, NULL);
INSERT INTO `db_test`.`rol` (`id`, `nombre`, `created_at`, `updated_at`) VALUES (2, 'Directivo', DEFAULT, NULL);
INSERT INTO `db_test`.`rol` (`id`, `nombre`, `created_at`, `updated_at`) VALUES (3, 'Estructura de Costos', DEFAULT, NULL);
INSERT INTO `db_test`.`rol` (`id`, `nombre`, `created_at`, `updated_at`) VALUES (4, 'Nómina', DEFAULT, NULL);
INSERT INTO `db_test`.`rol` (`id`, `nombre`, `created_at`, `updated_at`) VALUES (5, 'Empleado', DEFAULT, NULL);

COMMIT;


-- -----------------------------------------------------
-- Data for table `db_test`.`cargo`
-- -----------------------------------------------------
START TRANSACTION;
USE `db_test`;
INSERT INTO `db_test`.`cargo` (`id`, `abreviatura`, `descripcion`, `tipo_empleado`, `created_at`, `updated_at`, `deleted_at`) VALUES (1, 'S', 'Secretaria', 1, DEFAULT, NULL, NULL);
INSERT INTO `db_test`.`cargo` (`id`, `abreviatura`, `descripcion`, `tipo_empleado`, `created_at`, `updated_at`, `deleted_at`) VALUES (2, 'AA', 'Auxiliar Administrativo', 1, DEFAULT, NULL, NULL);
INSERT INTO `db_test`.`cargo` (`id`, `abreviatura`, `descripcion`, `tipo_empleado`, `created_at`, `updated_at`, `deleted_at`) VALUES (3, 'R', 'Recepcionista', 1, DEFAULT, NULL, NULL);
INSERT INTO `db_test`.`cargo` (`id`, `abreviatura`, `descripcion`, `tipo_empleado`, `created_at`, `updated_at`, `deleted_at`) VALUES (4, 'I', 'Instructor', 1, DEFAULT, NULL, NULL);
INSERT INTO `db_test`.`cargo` (`id`, `abreviatura`, `descripcion`, `tipo_empleado`, `created_at`, `updated_at`, `deleted_at`) VALUES (5, 'SA', 'Secretaria Auxiliar', 1, DEFAULT, NULL, NULL);
INSERT INTO `db_test`.`cargo` (`id`, `abreviatura`, `descripcion`, `tipo_empleado`, `created_at`, `updated_at`, `deleted_at`) VALUES (6, 'SAC', 'Sacerdote', 1, DEFAULT, NULL, NULL);
INSERT INTO `db_test`.`cargo` (`id`, `abreviatura`, `descripcion`, `tipo_empleado`, `created_at`, `updated_at`, `deleted_at`) VALUES (7, 'O', 'Obrero', 2, DEFAULT, NULL, NULL);
INSERT INTO `db_test`.`cargo` (`id`, `abreviatura`, `descripcion`, `tipo_empleado`, `created_at`, `updated_at`, `deleted_at`) VALUES (8, 'JM', 'Jefe de Mantenimiento', 2, DEFAULT, NULL, NULL);
INSERT INTO `db_test`.`cargo` (`id`, `abreviatura`, `descripcion`, `tipo_empleado`, `created_at`, `updated_at`, `deleted_at`) VALUES (9, 'VN', 'Vigilante Nocturno', 2, DEFAULT, NULL, NULL);
INSERT INTO `db_test`.`cargo` (`id`, `abreviatura`, `descripcion`, `tipo_empleado`, `created_at`, `updated_at`, `deleted_at`) VALUES (10, 'VD', 'Vigilante Diurno', 2, DEFAULT, NULL, NULL);
INSERT INTO `db_test`.`cargo` (`id`, `abreviatura`, `descripcion`, `tipo_empleado`, `created_at`, `updated_at`, `deleted_at`) VALUES (11, 'M', 'Maestra', 3, DEFAULT, NULL, NULL);
INSERT INTO `db_test`.`cargo` (`id`, `abreviatura`, `descripcion`, `tipo_empleado`, `created_at`, `updated_at`, `deleted_at`) VALUES (12, 'PPH', 'Profesor por Horas', 3, DEFAULT, NULL, NULL);
INSERT INTO `db_test`.`cargo` (`id`, `abreviatura`, `descripcion`, `tipo_empleado`, `created_at`, `updated_at`, `deleted_at`) VALUES (13, 'C', 'Coordinador', 3, DEFAULT, NULL, NULL);
INSERT INTO `db_test`.`cargo` (`id`, `abreviatura`, `descripcion`, `tipo_empleado`, `created_at`, `updated_at`, `deleted_at`) VALUES (14, 'PTC', 'Profecor Tiempo Completo', 3, DEFAULT, NULL, NULL);
INSERT INTO `db_test`.`cargo` (`id`, `abreviatura`, `descripcion`, `tipo_empleado`, `created_at`, `updated_at`, `deleted_at`) VALUES (15, 'JD', 'Jefe de Departamento', 3, DEFAULT, NULL, NULL);
INSERT INTO `db_test`.`cargo` (`id`, `abreviatura`, `descripcion`, `tipo_empleado`, `created_at`, `updated_at`, `deleted_at`) VALUES (16, 'D', 'Director', 3, DEFAULT, NULL, NULL);

COMMIT;


-- -----------------------------------------------------
-- Data for table `db_test`.`user`
-- -----------------------------------------------------
START TRANSACTION;
USE `db_test`;
INSERT INTO `db_test`.`user` (`id`, `cedula`, `password`, `rol_id`, `empleado_id`, `remember_token`, `created_at`, `updated_at`) VALUES (1, 'admin', '$2y$10$R9wuAUEDGerYQV2WEgrr1O6UOANluApiy782VS9qm07K/izB4O8Ri', 1, null, NULL, DEFAULT, NULL);

COMMIT;


-- -----------------------------------------------------
-- Data for table `db_test`.`categoria_docente`
-- -----------------------------------------------------
START TRANSACTION;
USE `db_test`;
INSERT INTO `db_test`.`categoria_docente` (`id`, `abreviatura`, `categoria`, `anos`, `esp_post`, `valor_hora`, `created_at`, `updated_at`) VALUES (1, 'D-1', 'Docente 1', 3, 0, 1800.00, DEFAULT, NULL);
INSERT INTO `db_test`.`categoria_docente` (`id`, `abreviatura`, `categoria`, `anos`, `esp_post`, `valor_hora`, `created_at`, `updated_at`) VALUES (2, 'D-2', 'Docente 2', 7, 0, 1800.00, DEFAULT, NULL);
INSERT INTO `db_test`.`categoria_docente` (`id`, `abreviatura`, `categoria`, `anos`, `esp_post`, `valor_hora`, `created_at`, `updated_at`) VALUES (3, 'D-3', 'Docente 3', 11, 0, 1800.00, DEFAULT, NULL);
INSERT INTO `db_test`.`categoria_docente` (`id`, `abreviatura`, `categoria`, `anos`, `esp_post`, `valor_hora`, `created_at`, `updated_at`) VALUES (4, 'D-4', 'Docente 4', 16, 0, 1800.00, DEFAULT, NULL);
INSERT INTO `db_test`.`categoria_docente` (`id`, `abreviatura`, `categoria`, `anos`, `esp_post`, `valor_hora`, `created_at`, `updated_at`) VALUES (5, 'D-5', 'Docente 5', 21, 1, 1800.00, DEFAULT, NULL);
INSERT INTO `db_test`.`categoria_docente` (`id`, `abreviatura`, `categoria`, `anos`, `esp_post`, `valor_hora`, `created_at`, `updated_at`) VALUES (6, 'D-6', 'Docente 6', 99, 1, 1800.00, DEFAULT, NULL);

COMMIT;


-- -----------------------------------------------------
-- Data for table `db_test`.`clasificacion_administrativo`
-- -----------------------------------------------------
START TRANSACTION;
USE `db_test`;
INSERT INTO `db_test`.`clasificacion_administrativo` (`id`, `nivel`, `grado`, `monto`, `created_at`, `updated_at`) VALUES (1, 'I', 'B1', 18.00, DEFAULT, NULL);
INSERT INTO `db_test`.`clasificacion_administrativo` (`id`, `nivel`, `grado`, `monto`, `created_at`, `updated_at`) VALUES (2, 'I', 'B2', 18.00, DEFAULT, NULL);
INSERT INTO `db_test`.`clasificacion_administrativo` (`id`, `nivel`, `grado`, `monto`, `created_at`, `updated_at`) VALUES (3, 'I', 'B3', 18.00, DEFAULT, NULL);
INSERT INTO `db_test`.`clasificacion_administrativo` (`id`, `nivel`, `grado`, `monto`, `created_at`, `updated_at`) VALUES (4, 'I', 'T1', 18.00, DEFAULT, NULL);
INSERT INTO `db_test`.`clasificacion_administrativo` (`id`, `nivel`, `grado`, `monto`, `created_at`, `updated_at`) VALUES (5, 'I', 'T2', 18.00, DEFAULT, NULL);
INSERT INTO `db_test`.`clasificacion_administrativo` (`id`, `nivel`, `grado`, `monto`, `created_at`, `updated_at`) VALUES (6, 'I', 'P1', 18.00, DEFAULT, NULL);
INSERT INTO `db_test`.`clasificacion_administrativo` (`id`, `nivel`, `grado`, `monto`, `created_at`, `updated_at`) VALUES (7, 'I', 'P2', 18.00, DEFAULT, NULL);
INSERT INTO `db_test`.`clasificacion_administrativo` (`id`, `nivel`, `grado`, `monto`, `created_at`, `updated_at`) VALUES (8, 'I', 'P3', 18.00, DEFAULT, NULL);
INSERT INTO `db_test`.`clasificacion_administrativo` (`id`, `nivel`, `grado`, `monto`, `created_at`, `updated_at`) VALUES (9, 'II', 'B1', 18.00, DEFAULT, NULL);
INSERT INTO `db_test`.`clasificacion_administrativo` (`id`, `nivel`, `grado`, `monto`, `created_at`, `updated_at`) VALUES (10, 'II', 'B2', 18.00, DEFAULT, NULL);
INSERT INTO `db_test`.`clasificacion_administrativo` (`id`, `nivel`, `grado`, `monto`, `created_at`, `updated_at`) VALUES (11, 'II', 'B3', 18.00, DEFAULT, NULL);
INSERT INTO `db_test`.`clasificacion_administrativo` (`id`, `nivel`, `grado`, `monto`, `created_at`, `updated_at`) VALUES (12, 'II', 'T1', 18.00, DEFAULT, NULL);
INSERT INTO `db_test`.`clasificacion_administrativo` (`id`, `nivel`, `grado`, `monto`, `created_at`, `updated_at`) VALUES (13, 'II', 'T2', 18.00, DEFAULT, NULL);
INSERT INTO `db_test`.`clasificacion_administrativo` (`id`, `nivel`, `grado`, `monto`, `created_at`, `updated_at`) VALUES (14, 'II', 'P1', 18.00, DEFAULT, NULL);
INSERT INTO `db_test`.`clasificacion_administrativo` (`id`, `nivel`, `grado`, `monto`, `created_at`, `updated_at`) VALUES (15, 'II', 'P2', 18.00, DEFAULT, NULL);
INSERT INTO `db_test`.`clasificacion_administrativo` (`id`, `nivel`, `grado`, `monto`, `created_at`, `updated_at`) VALUES (16, 'II', 'P3', 18.00, DEFAULT, NULL);
INSERT INTO `db_test`.`clasificacion_administrativo` (`id`, `nivel`, `grado`, `monto`, `created_at`, `updated_at`) VALUES (17, 'III', 'B1', 18.00, DEFAULT, NULL);
INSERT INTO `db_test`.`clasificacion_administrativo` (`id`, `nivel`, `grado`, `monto`, `created_at`, `updated_at`) VALUES (18, 'III', 'B2', 18.00, DEFAULT, NULL);
INSERT INTO `db_test`.`clasificacion_administrativo` (`id`, `nivel`, `grado`, `monto`, `created_at`, `updated_at`) VALUES (19, 'III', 'B3', 18.00, DEFAULT, NULL);
INSERT INTO `db_test`.`clasificacion_administrativo` (`id`, `nivel`, `grado`, `monto`, `created_at`, `updated_at`) VALUES (20, 'III', 'T1', 18.00, DEFAULT, NULL);
INSERT INTO `db_test`.`clasificacion_administrativo` (`id`, `nivel`, `grado`, `monto`, `created_at`, `updated_at`) VALUES (21, 'III', 'T2', 18.00, DEFAULT, NULL);
INSERT INTO `db_test`.`clasificacion_administrativo` (`id`, `nivel`, `grado`, `monto`, `created_at`, `updated_at`) VALUES (22, 'III', 'P1', 18.00, DEFAULT, NULL);
INSERT INTO `db_test`.`clasificacion_administrativo` (`id`, `nivel`, `grado`, `monto`, `created_at`, `updated_at`) VALUES (23, 'III', 'P2', 18.00, DEFAULT, NULL);
INSERT INTO `db_test`.`clasificacion_administrativo` (`id`, `nivel`, `grado`, `monto`, `created_at`, `updated_at`) VALUES (24, 'III', 'P3', 18.00, DEFAULT, NULL);
INSERT INTO `db_test`.`clasificacion_administrativo` (`id`, `nivel`, `grado`, `monto`, `created_at`, `updated_at`) VALUES (25, 'IV', 'B1', 18.00, DEFAULT, NULL);
INSERT INTO `db_test`.`clasificacion_administrativo` (`id`, `nivel`, `grado`, `monto`, `created_at`, `updated_at`) VALUES (26, 'IV', 'B2', 18.00, DEFAULT, NULL);
INSERT INTO `db_test`.`clasificacion_administrativo` (`id`, `nivel`, `grado`, `monto`, `created_at`, `updated_at`) VALUES (27, 'IV', 'B3', 18.00, DEFAULT, NULL);
INSERT INTO `db_test`.`clasificacion_administrativo` (`id`, `nivel`, `grado`, `monto`, `created_at`, `updated_at`) VALUES (28, 'IV', 'T1', 18.00, DEFAULT, NULL);
INSERT INTO `db_test`.`clasificacion_administrativo` (`id`, `nivel`, `grado`, `monto`, `created_at`, `updated_at`) VALUES (29, 'IV', 'T2', 18.00, DEFAULT, NULL);
INSERT INTO `db_test`.`clasificacion_administrativo` (`id`, `nivel`, `grado`, `monto`, `created_at`, `updated_at`) VALUES (30, 'IV', 'P1', 18.00, DEFAULT, NULL);
INSERT INTO `db_test`.`clasificacion_administrativo` (`id`, `nivel`, `grado`, `monto`, `created_at`, `updated_at`) VALUES (31, 'IV', 'P2', 18.00, DEFAULT, NULL);
INSERT INTO `db_test`.`clasificacion_administrativo` (`id`, `nivel`, `grado`, `monto`, `created_at`, `updated_at`) VALUES (32, 'IV', 'P3', 18.00, DEFAULT, NULL);
INSERT INTO `db_test`.`clasificacion_administrativo` (`id`, `nivel`, `grado`, `monto`, `created_at`, `updated_at`) VALUES (33, 'V', 'B1', 18.00, DEFAULT, NULL);
INSERT INTO `db_test`.`clasificacion_administrativo` (`id`, `nivel`, `grado`, `monto`, `created_at`, `updated_at`) VALUES (34, 'V', 'B2', 18.00, DEFAULT, NULL);
INSERT INTO `db_test`.`clasificacion_administrativo` (`id`, `nivel`, `grado`, `monto`, `created_at`, `updated_at`) VALUES (35, 'V', 'B3', 18.00, DEFAULT, NULL);
INSERT INTO `db_test`.`clasificacion_administrativo` (`id`, `nivel`, `grado`, `monto`, `created_at`, `updated_at`) VALUES (36, 'V', 'T1', 18.00, DEFAULT, NULL);
INSERT INTO `db_test`.`clasificacion_administrativo` (`id`, `nivel`, `grado`, `monto`, `created_at`, `updated_at`) VALUES (37, 'V', 'T2', 18.00, DEFAULT, NULL);
INSERT INTO `db_test`.`clasificacion_administrativo` (`id`, `nivel`, `grado`, `monto`, `created_at`, `updated_at`) VALUES (38, 'V', 'P1', 18.00, DEFAULT, NULL);
INSERT INTO `db_test`.`clasificacion_administrativo` (`id`, `nivel`, `grado`, `monto`, `created_at`, `updated_at`) VALUES (39, 'V', 'P2', 18.00, DEFAULT, NULL);
INSERT INTO `db_test`.`clasificacion_administrativo` (`id`, `nivel`, `grado`, `monto`, `created_at`, `updated_at`) VALUES (40, 'V', 'P3', 18.00, DEFAULT, NULL);
INSERT INTO `db_test`.`clasificacion_administrativo` (`id`, `nivel`, `grado`, `monto`, `created_at`, `updated_at`) VALUES (41, 'VI', 'B1', 18.00, DEFAULT, NULL);
INSERT INTO `db_test`.`clasificacion_administrativo` (`id`, `nivel`, `grado`, `monto`, `created_at`, `updated_at`) VALUES (42, 'VI', 'B2', 18.00, DEFAULT, NULL);
INSERT INTO `db_test`.`clasificacion_administrativo` (`id`, `nivel`, `grado`, `monto`, `created_at`, `updated_at`) VALUES (43, 'VI', 'B3', 18.00, DEFAULT, NULL);
INSERT INTO `db_test`.`clasificacion_administrativo` (`id`, `nivel`, `grado`, `monto`, `created_at`, `updated_at`) VALUES (44, 'VI', 'T1', 18.00, DEFAULT, NULL);
INSERT INTO `db_test`.`clasificacion_administrativo` (`id`, `nivel`, `grado`, `monto`, `created_at`, `updated_at`) VALUES (45, 'VI', 'T2', 18.00, DEFAULT, NULL);
INSERT INTO `db_test`.`clasificacion_administrativo` (`id`, `nivel`, `grado`, `monto`, `created_at`, `updated_at`) VALUES (46, 'VI', 'P1', 18.00, DEFAULT, NULL);
INSERT INTO `db_test`.`clasificacion_administrativo` (`id`, `nivel`, `grado`, `monto`, `created_at`, `updated_at`) VALUES (47, 'VI', 'P2', 18.00, DEFAULT, NULL);
INSERT INTO `db_test`.`clasificacion_administrativo` (`id`, `nivel`, `grado`, `monto`, `created_at`, `updated_at`) VALUES (48, 'VI', 'P3', 18.00, DEFAULT, NULL);
INSERT INTO `db_test`.`clasificacion_administrativo` (`id`, `nivel`, `grado`, `monto`, `created_at`, `updated_at`) VALUES (49, 'VII', 'B1', 18.00, DEFAULT, NULL);
INSERT INTO `db_test`.`clasificacion_administrativo` (`id`, `nivel`, `grado`, `monto`, `created_at`, `updated_at`) VALUES (50, 'VII', 'B2', 18.00, DEFAULT, NULL);
INSERT INTO `db_test`.`clasificacion_administrativo` (`id`, `nivel`, `grado`, `monto`, `created_at`, `updated_at`) VALUES (51, 'VII', 'B3', 18.00, DEFAULT, NULL);
INSERT INTO `db_test`.`clasificacion_administrativo` (`id`, `nivel`, `grado`, `monto`, `created_at`, `updated_at`) VALUES (52, 'VII', 'T1', 18.00, DEFAULT, NULL);
INSERT INTO `db_test`.`clasificacion_administrativo` (`id`, `nivel`, `grado`, `monto`, `created_at`, `updated_at`) VALUES (53, 'VII', 'T2', 18.00, DEFAULT, NULL);
INSERT INTO `db_test`.`clasificacion_administrativo` (`id`, `nivel`, `grado`, `monto`, `created_at`, `updated_at`) VALUES (54, 'VII', 'P1', 18.00, DEFAULT, NULL);
INSERT INTO `db_test`.`clasificacion_administrativo` (`id`, `nivel`, `grado`, `monto`, `created_at`, `updated_at`) VALUES (56, 'VII', 'P2', 18.00, DEFAULT, NULL);
INSERT INTO `db_test`.`clasificacion_administrativo` (`id`, `nivel`, `grado`, `monto`, `created_at`, `updated_at`) VALUES (57, 'VII', 'P3', 18.00, DEFAULT, NULL);

COMMIT;


-- -----------------------------------------------------
-- Data for table `db_test`.`clasificacion_obrero`
-- -----------------------------------------------------
START TRANSACTION;
USE `db_test`;
INSERT INTO `db_test`.`clasificacion_obrero` (`id`, `paso`, `grado`, `monto`, `created_at`, `updated_at`) VALUES (1, 1, 1, 18.00, DEFAULT, NULL);
INSERT INTO `db_test`.`clasificacion_obrero` (`id`, `paso`, `grado`, `monto`, `created_at`, `updated_at`) VALUES (2, 2, 1, 18.00, DEFAULT, NULL);
INSERT INTO `db_test`.`clasificacion_obrero` (`id`, `paso`, `grado`, `monto`, `created_at`, `updated_at`) VALUES (3, 3, 1, 18.00, DEFAULT, NULL);
INSERT INTO `db_test`.`clasificacion_obrero` (`id`, `paso`, `grado`, `monto`, `created_at`, `updated_at`) VALUES (4, 4, 1, 18.00, DEFAULT, NULL);
INSERT INTO `db_test`.`clasificacion_obrero` (`id`, `paso`, `grado`, `monto`, `created_at`, `updated_at`) VALUES (5, 5, 1, 18.00, DEFAULT, NULL);
INSERT INTO `db_test`.`clasificacion_obrero` (`id`, `paso`, `grado`, `monto`, `created_at`, `updated_at`) VALUES (6, 6, 1, 18.00, DEFAULT, NULL);
INSERT INTO `db_test`.`clasificacion_obrero` (`id`, `paso`, `grado`, `monto`, `created_at`, `updated_at`) VALUES (7, 7, 1, 18.00, DEFAULT, NULL);
INSERT INTO `db_test`.`clasificacion_obrero` (`id`, `paso`, `grado`, `monto`, `created_at`, `updated_at`) VALUES (8, 8, 1, 18.00, DEFAULT, NULL);
INSERT INTO `db_test`.`clasificacion_obrero` (`id`, `paso`, `grado`, `monto`, `created_at`, `updated_at`) VALUES (9, 9, 1, 18.00, DEFAULT, NULL);
INSERT INTO `db_test`.`clasificacion_obrero` (`id`, `paso`, `grado`, `monto`, `created_at`, `updated_at`) VALUES (10, 10, 1, 18.00, DEFAULT, NULL);
INSERT INTO `db_test`.`clasificacion_obrero` (`id`, `paso`, `grado`, `monto`, `created_at`, `updated_at`) VALUES (11, 11, 1, 18.00, DEFAULT, NULL);
INSERT INTO `db_test`.`clasificacion_obrero` (`id`, `paso`, `grado`, `monto`, `created_at`, `updated_at`) VALUES (12, 12, 1, 18.00, DEFAULT, NULL);
INSERT INTO `db_test`.`clasificacion_obrero` (`id`, `paso`, `grado`, `monto`, `created_at`, `updated_at`) VALUES (13, 13, 1, 18.00, DEFAULT, NULL);
INSERT INTO `db_test`.`clasificacion_obrero` (`id`, `paso`, `grado`, `monto`, `created_at`, `updated_at`) VALUES (14, 14, 1, 18.00, DEFAULT, NULL);
INSERT INTO `db_test`.`clasificacion_obrero` (`id`, `paso`, `grado`, `monto`, `created_at`, `updated_at`) VALUES (15, 15, 1, 18.00, DEFAULT, NULL);
INSERT INTO `db_test`.`clasificacion_obrero` (`id`, `paso`, `grado`, `monto`, `created_at`, `updated_at`) VALUES (16, 1, 2, 18.00, DEFAULT, NULL);
INSERT INTO `db_test`.`clasificacion_obrero` (`id`, `paso`, `grado`, `monto`, `created_at`, `updated_at`) VALUES (17, 2, 2, 18.00, DEFAULT, NULL);
INSERT INTO `db_test`.`clasificacion_obrero` (`id`, `paso`, `grado`, `monto`, `created_at`, `updated_at`) VALUES (18, 3, 2, 18.00, DEFAULT, NULL);
INSERT INTO `db_test`.`clasificacion_obrero` (`id`, `paso`, `grado`, `monto`, `created_at`, `updated_at`) VALUES (19, 4, 2, 18.00, DEFAULT, NULL);
INSERT INTO `db_test`.`clasificacion_obrero` (`id`, `paso`, `grado`, `monto`, `created_at`, `updated_at`) VALUES (20, 5, 2, 18.00, DEFAULT, NULL);
INSERT INTO `db_test`.`clasificacion_obrero` (`id`, `paso`, `grado`, `monto`, `created_at`, `updated_at`) VALUES (21, 6, 2, 18.00, DEFAULT, NULL);
INSERT INTO `db_test`.`clasificacion_obrero` (`id`, `paso`, `grado`, `monto`, `created_at`, `updated_at`) VALUES (22, 7, 2, 18.00, DEFAULT, NULL);
INSERT INTO `db_test`.`clasificacion_obrero` (`id`, `paso`, `grado`, `monto`, `created_at`, `updated_at`) VALUES (23, 8, 2, 18.00, DEFAULT, NULL);
INSERT INTO `db_test`.`clasificacion_obrero` (`id`, `paso`, `grado`, `monto`, `created_at`, `updated_at`) VALUES (24, 9, 2, 18.00, DEFAULT, NULL);
INSERT INTO `db_test`.`clasificacion_obrero` (`id`, `paso`, `grado`, `monto`, `created_at`, `updated_at`) VALUES (25, 10, 2, 18.00, DEFAULT, NULL);
INSERT INTO `db_test`.`clasificacion_obrero` (`id`, `paso`, `grado`, `monto`, `created_at`, `updated_at`) VALUES (26, 11, 2, 18.00, DEFAULT, NULL);
INSERT INTO `db_test`.`clasificacion_obrero` (`id`, `paso`, `grado`, `monto`, `created_at`, `updated_at`) VALUES (27, 12, 2, 18.00, DEFAULT, NULL);
INSERT INTO `db_test`.`clasificacion_obrero` (`id`, `paso`, `grado`, `monto`, `created_at`, `updated_at`) VALUES (28, 13, 2, 18.00, DEFAULT, NULL);
INSERT INTO `db_test`.`clasificacion_obrero` (`id`, `paso`, `grado`, `monto`, `created_at`, `updated_at`) VALUES (29, 14, 2, 18.00, DEFAULT, NULL);
INSERT INTO `db_test`.`clasificacion_obrero` (`id`, `paso`, `grado`, `monto`, `created_at`, `updated_at`) VALUES (30, 15, 2, 18.00, DEFAULT, NULL);
INSERT INTO `db_test`.`clasificacion_obrero` (`id`, `paso`, `grado`, `monto`, `created_at`, `updated_at`) VALUES (31, 1, 3, 18.00, DEFAULT, NULL);
INSERT INTO `db_test`.`clasificacion_obrero` (`id`, `paso`, `grado`, `monto`, `created_at`, `updated_at`) VALUES (32, 2, 3, 18.00, DEFAULT, NULL);
INSERT INTO `db_test`.`clasificacion_obrero` (`id`, `paso`, `grado`, `monto`, `created_at`, `updated_at`) VALUES (33, 3, 3, 18.00, DEFAULT, NULL);
INSERT INTO `db_test`.`clasificacion_obrero` (`id`, `paso`, `grado`, `monto`, `created_at`, `updated_at`) VALUES (34, 4, 3, 18.00, DEFAULT, NULL);
INSERT INTO `db_test`.`clasificacion_obrero` (`id`, `paso`, `grado`, `monto`, `created_at`, `updated_at`) VALUES (35, 5, 3, 18.00, DEFAULT, NULL);
INSERT INTO `db_test`.`clasificacion_obrero` (`id`, `paso`, `grado`, `monto`, `created_at`, `updated_at`) VALUES (36, 6, 3, 18.00, DEFAULT, NULL);
INSERT INTO `db_test`.`clasificacion_obrero` (`id`, `paso`, `grado`, `monto`, `created_at`, `updated_at`) VALUES (37, 7, 3, 18.00, DEFAULT, NULL);
INSERT INTO `db_test`.`clasificacion_obrero` (`id`, `paso`, `grado`, `monto`, `created_at`, `updated_at`) VALUES (38, 8, 3, 18.00, DEFAULT, NULL);
INSERT INTO `db_test`.`clasificacion_obrero` (`id`, `paso`, `grado`, `monto`, `created_at`, `updated_at`) VALUES (39, 9, 3, 18.00, DEFAULT, NULL);
INSERT INTO `db_test`.`clasificacion_obrero` (`id`, `paso`, `grado`, `monto`, `created_at`, `updated_at`) VALUES (40, 10, 3, 18.00, DEFAULT, NULL);
INSERT INTO `db_test`.`clasificacion_obrero` (`id`, `paso`, `grado`, `monto`, `created_at`, `updated_at`) VALUES (41, 11, 3, 18.00, DEFAULT, NULL);
INSERT INTO `db_test`.`clasificacion_obrero` (`id`, `paso`, `grado`, `monto`, `created_at`, `updated_at`) VALUES (42, 12, 3, 18.00, DEFAULT, NULL);
INSERT INTO `db_test`.`clasificacion_obrero` (`id`, `paso`, `grado`, `monto`, `created_at`, `updated_at`) VALUES (43, 13, 3, 18.00, DEFAULT, NULL);
INSERT INTO `db_test`.`clasificacion_obrero` (`id`, `paso`, `grado`, `monto`, `created_at`, `updated_at`) VALUES (44, 14, 3, 18.00, DEFAULT, NULL);
INSERT INTO `db_test`.`clasificacion_obrero` (`id`, `paso`, `grado`, `monto`, `created_at`, `updated_at`) VALUES (45, 15, 3, 18.00, DEFAULT, NULL);
INSERT INTO `db_test`.`clasificacion_obrero` (`id`, `paso`, `grado`, `monto`, `created_at`, `updated_at`) VALUES (46, 1, 4, 18.00, DEFAULT, NULL);
INSERT INTO `db_test`.`clasificacion_obrero` (`id`, `paso`, `grado`, `monto`, `created_at`, `updated_at`) VALUES (47, 2, 4, 18.00, DEFAULT, NULL);
INSERT INTO `db_test`.`clasificacion_obrero` (`id`, `paso`, `grado`, `monto`, `created_at`, `updated_at`) VALUES (48, 3, 4, 18.00, DEFAULT, NULL);
INSERT INTO `db_test`.`clasificacion_obrero` (`id`, `paso`, `grado`, `monto`, `created_at`, `updated_at`) VALUES (49, 4, 4, 18.00, DEFAULT, NULL);
INSERT INTO `db_test`.`clasificacion_obrero` (`id`, `paso`, `grado`, `monto`, `created_at`, `updated_at`) VALUES (50, 5, 4, 18.00, DEFAULT, NULL);
INSERT INTO `db_test`.`clasificacion_obrero` (`id`, `paso`, `grado`, `monto`, `created_at`, `updated_at`) VALUES (51, 6, 4, 18.00, DEFAULT, NULL);
INSERT INTO `db_test`.`clasificacion_obrero` (`id`, `paso`, `grado`, `monto`, `created_at`, `updated_at`) VALUES (52, 7, 4, 18.00, DEFAULT, NULL);
INSERT INTO `db_test`.`clasificacion_obrero` (`id`, `paso`, `grado`, `monto`, `created_at`, `updated_at`) VALUES (53, 8, 4, 18.00, DEFAULT, NULL);
INSERT INTO `db_test`.`clasificacion_obrero` (`id`, `paso`, `grado`, `monto`, `created_at`, `updated_at`) VALUES (54, 9, 4, 18.00, DEFAULT, NULL);
INSERT INTO `db_test`.`clasificacion_obrero` (`id`, `paso`, `grado`, `monto`, `created_at`, `updated_at`) VALUES (55, 10, 4, 18.00, DEFAULT, NULL);
INSERT INTO `db_test`.`clasificacion_obrero` (`id`, `paso`, `grado`, `monto`, `created_at`, `updated_at`) VALUES (56, 11, 4, 18.00, DEFAULT, NULL);
INSERT INTO `db_test`.`clasificacion_obrero` (`id`, `paso`, `grado`, `monto`, `created_at`, `updated_at`) VALUES (57, 12, 4, 18.00, DEFAULT, NULL);
INSERT INTO `db_test`.`clasificacion_obrero` (`id`, `paso`, `grado`, `monto`, `created_at`, `updated_at`) VALUES (58, 13, 4, 18.00, DEFAULT, NULL);
INSERT INTO `db_test`.`clasificacion_obrero` (`id`, `paso`, `grado`, `monto`, `created_at`, `updated_at`) VALUES (59, 14, 4, 18.00, DEFAULT, NULL);
INSERT INTO `db_test`.`clasificacion_obrero` (`id`, `paso`, `grado`, `monto`, `created_at`, `updated_at`) VALUES (60, 15, 4, 18.00, DEFAULT, NULL);
INSERT INTO `db_test`.`clasificacion_obrero` (`id`, `paso`, `grado`, `monto`, `created_at`, `updated_at`) VALUES (61, 1, 5, 18.00, DEFAULT, NULL);
INSERT INTO `db_test`.`clasificacion_obrero` (`id`, `paso`, `grado`, `monto`, `created_at`, `updated_at`) VALUES (62, 2, 5, 18.00, DEFAULT, NULL);
INSERT INTO `db_test`.`clasificacion_obrero` (`id`, `paso`, `grado`, `monto`, `created_at`, `updated_at`) VALUES (63, 3, 5, 18.00, DEFAULT, NULL);
INSERT INTO `db_test`.`clasificacion_obrero` (`id`, `paso`, `grado`, `monto`, `created_at`, `updated_at`) VALUES (64, 4, 5, 18.00, DEFAULT, NULL);
INSERT INTO `db_test`.`clasificacion_obrero` (`id`, `paso`, `grado`, `monto`, `created_at`, `updated_at`) VALUES (65, 5, 5, 18.00, DEFAULT, NULL);
INSERT INTO `db_test`.`clasificacion_obrero` (`id`, `paso`, `grado`, `monto`, `created_at`, `updated_at`) VALUES (66, 6, 5, 18.00, DEFAULT, NULL);
INSERT INTO `db_test`.`clasificacion_obrero` (`id`, `paso`, `grado`, `monto`, `created_at`, `updated_at`) VALUES (67, 7, 5, 18.00, DEFAULT, NULL);
INSERT INTO `db_test`.`clasificacion_obrero` (`id`, `paso`, `grado`, `monto`, `created_at`, `updated_at`) VALUES (68, 8, 5, 18.00, DEFAULT, NULL);
INSERT INTO `db_test`.`clasificacion_obrero` (`id`, `paso`, `grado`, `monto`, `created_at`, `updated_at`) VALUES (69, 9, 5, 18.00, DEFAULT, NULL);
INSERT INTO `db_test`.`clasificacion_obrero` (`id`, `paso`, `grado`, `monto`, `created_at`, `updated_at`) VALUES (70, 10, 5, 18.00, DEFAULT, NULL);
INSERT INTO `db_test`.`clasificacion_obrero` (`id`, `paso`, `grado`, `monto`, `created_at`, `updated_at`) VALUES (71, 11, 5, 18.00, DEFAULT, NULL);
INSERT INTO `db_test`.`clasificacion_obrero` (`id`, `paso`, `grado`, `monto`, `created_at`, `updated_at`) VALUES (72, 12, 5, 18.00, DEFAULT, NULL);
INSERT INTO `db_test`.`clasificacion_obrero` (`id`, `paso`, `grado`, `monto`, `created_at`, `updated_at`) VALUES (73, 13, 5, 18.00, DEFAULT, NULL);
INSERT INTO `db_test`.`clasificacion_obrero` (`id`, `paso`, `grado`, `monto`, `created_at`, `updated_at`) VALUES (74, 14, 5, 18.00, DEFAULT, NULL);
INSERT INTO `db_test`.`clasificacion_obrero` (`id`, `paso`, `grado`, `monto`, `created_at`, `updated_at`) VALUES (75, 15, 5, 18.00, DEFAULT, NULL);
INSERT INTO `db_test`.`clasificacion_obrero` (`id`, `paso`, `grado`, `monto`, `created_at`, `updated_at`) VALUES (76, 1, 6, 18.00, DEFAULT, NULL);
INSERT INTO `db_test`.`clasificacion_obrero` (`id`, `paso`, `grado`, `monto`, `created_at`, `updated_at`) VALUES (77, 2, 6, 18.00, DEFAULT, NULL);
INSERT INTO `db_test`.`clasificacion_obrero` (`id`, `paso`, `grado`, `monto`, `created_at`, `updated_at`) VALUES (78, 3, 6, 18.00, DEFAULT, NULL);
INSERT INTO `db_test`.`clasificacion_obrero` (`id`, `paso`, `grado`, `monto`, `created_at`, `updated_at`) VALUES (79, 4, 6, 18.00, DEFAULT, NULL);
INSERT INTO `db_test`.`clasificacion_obrero` (`id`, `paso`, `grado`, `monto`, `created_at`, `updated_at`) VALUES (80, 5, 6, 18.00, DEFAULT, NULL);
INSERT INTO `db_test`.`clasificacion_obrero` (`id`, `paso`, `grado`, `monto`, `created_at`, `updated_at`) VALUES (81, 6, 6, 18.00, DEFAULT, NULL);
INSERT INTO `db_test`.`clasificacion_obrero` (`id`, `paso`, `grado`, `monto`, `created_at`, `updated_at`) VALUES (82, 7, 6, 18.00, DEFAULT, NULL);
INSERT INTO `db_test`.`clasificacion_obrero` (`id`, `paso`, `grado`, `monto`, `created_at`, `updated_at`) VALUES (83, 8, 6, 18.00, DEFAULT, NULL);
INSERT INTO `db_test`.`clasificacion_obrero` (`id`, `paso`, `grado`, `monto`, `created_at`, `updated_at`) VALUES (84, 9, 6, 18.00, DEFAULT, NULL);
INSERT INTO `db_test`.`clasificacion_obrero` (`id`, `paso`, `grado`, `monto`, `created_at`, `updated_at`) VALUES (85, 10, 6, 18.00, DEFAULT, NULL);
INSERT INTO `db_test`.`clasificacion_obrero` (`id`, `paso`, `grado`, `monto`, `created_at`, `updated_at`) VALUES (86, 11, 6, 18.00, DEFAULT, NULL);
INSERT INTO `db_test`.`clasificacion_obrero` (`id`, `paso`, `grado`, `monto`, `created_at`, `updated_at`) VALUES (87, 12, 6, 18.00, DEFAULT, NULL);
INSERT INTO `db_test`.`clasificacion_obrero` (`id`, `paso`, `grado`, `monto`, `created_at`, `updated_at`) VALUES (88, 13, 6, 18.00, DEFAULT, NULL);
INSERT INTO `db_test`.`clasificacion_obrero` (`id`, `paso`, `grado`, `monto`, `created_at`, `updated_at`) VALUES (89, 14, 6, 18.00, DEFAULT, NULL);
INSERT INTO `db_test`.`clasificacion_obrero` (`id`, `paso`, `grado`, `monto`, `created_at`, `updated_at`) VALUES (90, 15, 6, 18.00, DEFAULT, NULL);
INSERT INTO `db_test`.`clasificacion_obrero` (`id`, `paso`, `grado`, `monto`, `created_at`, `updated_at`) VALUES (91, 1, 7, 18.00, DEFAULT, NULL);
INSERT INTO `db_test`.`clasificacion_obrero` (`id`, `paso`, `grado`, `monto`, `created_at`, `updated_at`) VALUES (92, 2, 7, 18.00, DEFAULT, NULL);
INSERT INTO `db_test`.`clasificacion_obrero` (`id`, `paso`, `grado`, `monto`, `created_at`, `updated_at`) VALUES (93, 3, 7, 18.00, DEFAULT, NULL);
INSERT INTO `db_test`.`clasificacion_obrero` (`id`, `paso`, `grado`, `monto`, `created_at`, `updated_at`) VALUES (94, 4, 7, 18.00, DEFAULT, NULL);
INSERT INTO `db_test`.`clasificacion_obrero` (`id`, `paso`, `grado`, `monto`, `created_at`, `updated_at`) VALUES (95, 5, 7, 18.00, DEFAULT, NULL);
INSERT INTO `db_test`.`clasificacion_obrero` (`id`, `paso`, `grado`, `monto`, `created_at`, `updated_at`) VALUES (96, 6, 7, 18.00, DEFAULT, NULL);
INSERT INTO `db_test`.`clasificacion_obrero` (`id`, `paso`, `grado`, `monto`, `created_at`, `updated_at`) VALUES (97, 7, 7, 18.00, DEFAULT, NULL);
INSERT INTO `db_test`.`clasificacion_obrero` (`id`, `paso`, `grado`, `monto`, `created_at`, `updated_at`) VALUES (98, 8, 7, 18.00, DEFAULT, NULL);
INSERT INTO `db_test`.`clasificacion_obrero` (`id`, `paso`, `grado`, `monto`, `created_at`, `updated_at`) VALUES (99, 9, 7, 18.00, DEFAULT, NULL);
INSERT INTO `db_test`.`clasificacion_obrero` (`id`, `paso`, `grado`, `monto`, `created_at`, `updated_at`) VALUES (100, 10, 7, 18.00, DEFAULT, NULL);
INSERT INTO `db_test`.`clasificacion_obrero` (`id`, `paso`, `grado`, `monto`, `created_at`, `updated_at`) VALUES (101, 11, 7, 18.00, DEFAULT, NULL);
INSERT INTO `db_test`.`clasificacion_obrero` (`id`, `paso`, `grado`, `monto`, `created_at`, `updated_at`) VALUES (102, 12, 7, 18.00, DEFAULT, NULL);
INSERT INTO `db_test`.`clasificacion_obrero` (`id`, `paso`, `grado`, `monto`, `created_at`, `updated_at`) VALUES (103, 13, 7, 18.00, DEFAULT, NULL);
INSERT INTO `db_test`.`clasificacion_obrero` (`id`, `paso`, `grado`, `monto`, `created_at`, `updated_at`) VALUES (104, 14, 7, 18.00, DEFAULT, NULL);
INSERT INTO `db_test`.`clasificacion_obrero` (`id`, `paso`, `grado`, `monto`, `created_at`, `updated_at`) VALUES (105, 15, 7, 18.00, DEFAULT, NULL);
INSERT INTO `db_test`.`clasificacion_obrero` (`id`, `paso`, `grado`, `monto`, `created_at`, `updated_at`) VALUES (106, 1, 8, 18.00, DEFAULT, NULL);
INSERT INTO `db_test`.`clasificacion_obrero` (`id`, `paso`, `grado`, `monto`, `created_at`, `updated_at`) VALUES (107, 2, 8, 18.00, DEFAULT, NULL);
INSERT INTO `db_test`.`clasificacion_obrero` (`id`, `paso`, `grado`, `monto`, `created_at`, `updated_at`) VALUES (108, 3, 8, 18.00, DEFAULT, NULL);
INSERT INTO `db_test`.`clasificacion_obrero` (`id`, `paso`, `grado`, `monto`, `created_at`, `updated_at`) VALUES (109, 4, 8, 18.00, DEFAULT, NULL);
INSERT INTO `db_test`.`clasificacion_obrero` (`id`, `paso`, `grado`, `monto`, `created_at`, `updated_at`) VALUES (110, 5, 8, 18.00, DEFAULT, NULL);
INSERT INTO `db_test`.`clasificacion_obrero` (`id`, `paso`, `grado`, `monto`, `created_at`, `updated_at`) VALUES (111, 6, 8, 18.00, DEFAULT, NULL);
INSERT INTO `db_test`.`clasificacion_obrero` (`id`, `paso`, `grado`, `monto`, `created_at`, `updated_at`) VALUES (112, 7, 8, 18.00, DEFAULT, NULL);
INSERT INTO `db_test`.`clasificacion_obrero` (`id`, `paso`, `grado`, `monto`, `created_at`, `updated_at`) VALUES (113, 8, 8, 18.00, DEFAULT, NULL);
INSERT INTO `db_test`.`clasificacion_obrero` (`id`, `paso`, `grado`, `monto`, `created_at`, `updated_at`) VALUES (114, 9, 8, 18.00, DEFAULT, NULL);
INSERT INTO `db_test`.`clasificacion_obrero` (`id`, `paso`, `grado`, `monto`, `created_at`, `updated_at`) VALUES (115, 10, 8, 18.00, DEFAULT, NULL);
INSERT INTO `db_test`.`clasificacion_obrero` (`id`, `paso`, `grado`, `monto`, `created_at`, `updated_at`) VALUES (116, 11, 8, 18.00, DEFAULT, NULL);
INSERT INTO `db_test`.`clasificacion_obrero` (`id`, `paso`, `grado`, `monto`, `created_at`, `updated_at`) VALUES (117, 12, 8, 18.00, DEFAULT, NULL);
INSERT INTO `db_test`.`clasificacion_obrero` (`id`, `paso`, `grado`, `monto`, `created_at`, `updated_at`) VALUES (118, 13, 8, 18.00, DEFAULT, NULL);
INSERT INTO `db_test`.`clasificacion_obrero` (`id`, `paso`, `grado`, `monto`, `created_at`, `updated_at`) VALUES (119, 14, 8, 18.00, DEFAULT, NULL);
INSERT INTO `db_test`.`clasificacion_obrero` (`id`, `paso`, `grado`, `monto`, `created_at`, `updated_at`) VALUES (120, 15, 8, 18.00, DEFAULT, NULL);
INSERT INTO `db_test`.`clasificacion_obrero` (`id`, `paso`, `grado`, `monto`, `created_at`, `updated_at`) VALUES (121, 1, 9, 18.00, DEFAULT, NULL);
INSERT INTO `db_test`.`clasificacion_obrero` (`id`, `paso`, `grado`, `monto`, `created_at`, `updated_at`) VALUES (122, 2, 9, 18.00, DEFAULT, NULL);
INSERT INTO `db_test`.`clasificacion_obrero` (`id`, `paso`, `grado`, `monto`, `created_at`, `updated_at`) VALUES (123, 3, 9, 18.00, DEFAULT, NULL);
INSERT INTO `db_test`.`clasificacion_obrero` (`id`, `paso`, `grado`, `monto`, `created_at`, `updated_at`) VALUES (124, 4, 9, 18.00, DEFAULT, NULL);
INSERT INTO `db_test`.`clasificacion_obrero` (`id`, `paso`, `grado`, `monto`, `created_at`, `updated_at`) VALUES (125, 5, 9, 18.00, DEFAULT, NULL);
INSERT INTO `db_test`.`clasificacion_obrero` (`id`, `paso`, `grado`, `monto`, `created_at`, `updated_at`) VALUES (126, 6, 9, 18.00, DEFAULT, NULL);
INSERT INTO `db_test`.`clasificacion_obrero` (`id`, `paso`, `grado`, `monto`, `created_at`, `updated_at`) VALUES (127, 7, 9, 18.00, DEFAULT, NULL);
INSERT INTO `db_test`.`clasificacion_obrero` (`id`, `paso`, `grado`, `monto`, `created_at`, `updated_at`) VALUES (128, 8, 9, 18.00, DEFAULT, NULL);
INSERT INTO `db_test`.`clasificacion_obrero` (`id`, `paso`, `grado`, `monto`, `created_at`, `updated_at`) VALUES (129, 9, 9, 18.00, DEFAULT, NULL);
INSERT INTO `db_test`.`clasificacion_obrero` (`id`, `paso`, `grado`, `monto`, `created_at`, `updated_at`) VALUES (130, 10, 9, 18.00, DEFAULT, NULL);
INSERT INTO `db_test`.`clasificacion_obrero` (`id`, `paso`, `grado`, `monto`, `created_at`, `updated_at`) VALUES (131, 11, 9, 18.00, DEFAULT, NULL);
INSERT INTO `db_test`.`clasificacion_obrero` (`id`, `paso`, `grado`, `monto`, `created_at`, `updated_at`) VALUES (132, 12, 9, 18.00, DEFAULT, NULL);
INSERT INTO `db_test`.`clasificacion_obrero` (`id`, `paso`, `grado`, `monto`, `created_at`, `updated_at`) VALUES (133, 13, 9, 18.00, DEFAULT, NULL);
INSERT INTO `db_test`.`clasificacion_obrero` (`id`, `paso`, `grado`, `monto`, `created_at`, `updated_at`) VALUES (134, 14, 9, 18.00, DEFAULT, NULL);
INSERT INTO `db_test`.`clasificacion_obrero` (`id`, `paso`, `grado`, `monto`, `created_at`, `updated_at`) VALUES (135, 15, 9, 18.00, DEFAULT, NULL);
INSERT INTO `db_test`.`clasificacion_obrero` (`id`, `paso`, `grado`, `monto`, `created_at`, `updated_at`) VALUES (136, 1, 10, 18.00, DEFAULT, NULL);
INSERT INTO `db_test`.`clasificacion_obrero` (`id`, `paso`, `grado`, `monto`, `created_at`, `updated_at`) VALUES (137, 2, 10, 18.00, DEFAULT, NULL);
INSERT INTO `db_test`.`clasificacion_obrero` (`id`, `paso`, `grado`, `monto`, `created_at`, `updated_at`) VALUES (138, 3, 10, 18.00, DEFAULT, NULL);
INSERT INTO `db_test`.`clasificacion_obrero` (`id`, `paso`, `grado`, `monto`, `created_at`, `updated_at`) VALUES (139, 4, 10, 18.00, DEFAULT, NULL);
INSERT INTO `db_test`.`clasificacion_obrero` (`id`, `paso`, `grado`, `monto`, `created_at`, `updated_at`) VALUES (140, 5, 10, 18.00, DEFAULT, NULL);
INSERT INTO `db_test`.`clasificacion_obrero` (`id`, `paso`, `grado`, `monto`, `created_at`, `updated_at`) VALUES (141, 6, 10, 18.00, DEFAULT, NULL);
INSERT INTO `db_test`.`clasificacion_obrero` (`id`, `paso`, `grado`, `monto`, `created_at`, `updated_at`) VALUES (142, 7, 10, 18.00, DEFAULT, NULL);
INSERT INTO `db_test`.`clasificacion_obrero` (`id`, `paso`, `grado`, `monto`, `created_at`, `updated_at`) VALUES (143, 8, 10, 18.00, DEFAULT, NULL);
INSERT INTO `db_test`.`clasificacion_obrero` (`id`, `paso`, `grado`, `monto`, `created_at`, `updated_at`) VALUES (144, 9, 10, 18.00, DEFAULT, NULL);
INSERT INTO `db_test`.`clasificacion_obrero` (`id`, `paso`, `grado`, `monto`, `created_at`, `updated_at`) VALUES (145, 10, 10, 18.00, DEFAULT, NULL);
INSERT INTO `db_test`.`clasificacion_obrero` (`id`, `paso`, `grado`, `monto`, `created_at`, `updated_at`) VALUES (146, 11, 10, 18.00, DEFAULT, NULL);
INSERT INTO `db_test`.`clasificacion_obrero` (`id`, `paso`, `grado`, `monto`, `created_at`, `updated_at`) VALUES (147, 12, 10, 18.00, DEFAULT, NULL);
INSERT INTO `db_test`.`clasificacion_obrero` (`id`, `paso`, `grado`, `monto`, `created_at`, `updated_at`) VALUES (148, 13, 10, 18.00, DEFAULT, NULL);
INSERT INTO `db_test`.`clasificacion_obrero` (`id`, `paso`, `grado`, `monto`, `created_at`, `updated_at`) VALUES (149, 14, 10, 18.00, DEFAULT, NULL);
INSERT INTO `db_test`.`clasificacion_obrero` (`id`, `paso`, `grado`, `monto`, `created_at`, `updated_at`) VALUES (150, 15, 10, 18.00, DEFAULT, NULL);

COMMIT;


-- -----------------------------------------------------
-- Data for table `db_test`.`variables_globales`
-- -----------------------------------------------------
START TRANSACTION;
USE `db_test`;
INSERT INTO `db_test`.`variables_globales` (`id`, `descripcion`, `tipo_valor`, `formula`, `updated_at`, `created_at`) VALUES (1, 'Monto Vigente Mensual', 3, 2, NULL, DEFAULT);
INSERT INTO `db_test`.`variables_globales` (`id`, `descripcion`, `tipo_valor`, `formula`, `updated_at`, `created_at`) VALUES (2, 'Cantidad de Horas Diarias', 4, 2, NULL, DEFAULT);
INSERT INTO `db_test`.`variables_globales` (`id`, `descripcion`, `tipo_valor`, `formula`, `updated_at`, `created_at`) VALUES (3, 'Alicuota', 7, 3, NULL, DEFAULT);
INSERT INTO `db_test`.`variables_globales` (`id`, `descripcion`, `tipo_valor`, `formula`, `updated_at`, `created_at`) VALUES (4, 'Bono Vacacional', 5, 5, NULL, DEFAULT);
INSERT INTO `db_test`.`variables_globales` (`id`, `descripcion`, `tipo_valor`, `formula`, `updated_at`, `created_at`) VALUES (5, 'Aguinaldos', 5, 4, NULL, DEFAULT);

COMMIT;


-- -----------------------------------------------------
-- Data for table `db_test`.`registro_nomina`
-- -----------------------------------------------------
START TRANSACTION;
USE `db_test`;
INSERT INTO `db_test`.`registro_nomina` (`id`, `nombre`, `tipo_valor`, `codigo_nomina`, `tipo_nomina`, `basado_en`, `requerido`, `determinado`, `carga_horaria`, `created_at`, `updated_at`) VALUES (1, 'Sueldo Base', 2, 'SB30', 1, 5, 1, 3, 0, DEFAULT, NULL);
INSERT INTO `db_test`.`registro_nomina` (`id`, `nombre`, `tipo_valor`, `codigo_nomina`, `tipo_nomina`, `basado_en`, `requerido`, `determinado`, `carga_horaria`, `created_at`, `updated_at`) VALUES (2, 'Prima de Ejercicio Docente', 1, 'PDED', 1, 2, 0, 1, 0, DEFAULT, NULL);
INSERT INTO `db_test`.`registro_nomina` (`id`, `nombre`, `tipo_valor`, `codigo_nomina`, `tipo_nomina`, `basado_en`, `requerido`, `determinado`, `carga_horaria`, `created_at`, `updated_at`) VALUES (3, 'Prima de Transporte', 2, 'PDT1', 1, 1, 0, 1, 1, DEFAULT, NULL);
INSERT INTO `db_test`.`registro_nomina` (`id`, `nombre`, `tipo_valor`, `codigo_nomina`, `tipo_nomina`, `basado_en`, `requerido`, `determinado`, `carga_horaria`, `created_at`, `updated_at`) VALUES (4, 'Prima de Antiguedad', 1, 'PDA1', 1, 2, 0, 2, 0, DEFAULT, NULL);
INSERT INTO `db_test`.`registro_nomina` (`id`, `nombre`, `tipo_valor`, `codigo_nomina`, `tipo_nomina`, `basado_en`, `requerido`, `determinado`, `carga_horaria`, `created_at`, `updated_at`) VALUES (5, 'Prima de Jerarquia', 1, 'PDJ1', 1, 2, 0, 2, 0, DEFAULT, NULL);
INSERT INTO `db_test`.`registro_nomina` (`id`, `nombre`, `tipo_valor`, `codigo_nomina`, `tipo_nomina`, `basado_en`, `requerido`, `determinado`, `carga_horaria`, `created_at`, `updated_at`) VALUES (6, 'Prima De Especialización o Postgrado', 1, 'PDEP', 1, 2, 0, 1, 0, DEFAULT, NULL);
INSERT INTO `db_test`.`registro_nomina` (`id`, `nombre`, `tipo_valor`, `codigo_nomina`, `tipo_nomina`, `basado_en`, `requerido`, `determinado`, `carga_horaria`, `created_at`, `updated_at`) VALUES (7, 'Retroactivo', 2, 'RACT', 1, 1, 0, 2, 0, DEFAULT, NULL);
INSERT INTO `db_test`.`registro_nomina` (`id`, `nombre`, `tipo_valor`, `codigo_nomina`, `tipo_nomina`, `basado_en`, `requerido`, `determinado`, `carga_horaria`, `created_at`, `updated_at`) VALUES (8, 'Bono Vacacional', 5, 'BOVA', 1, 4, 1, 2, 0, DEFAULT, NULL);
INSERT INTO `db_test`.`registro_nomina` (`id`, `nombre`, `tipo_valor`, `codigo_nomina`, `tipo_nomina`, `basado_en`, `requerido`, `determinado`, `carga_horaria`, `created_at`, `updated_at`) VALUES (9, 'Aguinaldos', 5, 'AGUI', 1, 4, 1, 2, 0, DEFAULT, NULL);
INSERT INTO `db_test`.`registro_nomina` (`id`, `nombre`, `tipo_valor`, `codigo_nomina`, `tipo_nomina`, `basado_en`, `requerido`, `determinado`, `carga_horaria`, `created_at`, `updated_at`) VALUES (10, 'Prima de Profesionalización', 1, 'PDP1', 1, 2, 0, 1, 0, DEFAULT, NULL);
INSERT INTO `db_test`.`registro_nomina` (`id`, `nombre`, `tipo_valor`, `codigo_nomina`, `tipo_nomina`, `basado_en`, `requerido`, `determinado`, `carga_horaria`, `created_at`, `updated_at`) VALUES (11, 'Seguro Social y Paro Forzoso', 1, 'SSO', 3, 2, 1, 3, 0, DEFAULT, NULL);
INSERT INTO `db_test`.`registro_nomina` (`id`, `nombre`, `tipo_valor`, `codigo_nomina`, `tipo_nomina`, `basado_en`, `requerido`, `determinado`, `carga_horaria`, `created_at`, `updated_at`) VALUES (12, 'Fondo de Ahorro Obligatorio de Vivienda', 1, 'LPH', 3, 2, 1, 3, 0, DEFAULT, NULL);
INSERT INTO `db_test`.`registro_nomina` (`id`, `nombre`, `tipo_valor`, `codigo_nomina`, `tipo_nomina`, `basado_en`, `requerido`, `determinado`, `carga_horaria`, `created_at`, `updated_at`) VALUES (13, 'Inasistencia por Horas', 4, 'IPHS', 2, 5, 1, 2, 0, DEFAULT, NULL);
INSERT INTO `db_test`.`registro_nomina` (`id`, `nombre`, `tipo_valor`, `codigo_nomina`, `tipo_nomina`, `basado_en`, `requerido`, `determinado`, `carga_horaria`, `created_at`, `updated_at`) VALUES (14, 'Inasistencia por Días', 5, 'IPDS', 2, 4, 1, 2, 0, DEFAULT, NULL);
INSERT INTO `db_test`.`registro_nomina` (`id`, `nombre`, `tipo_valor`, `codigo_nomina`, `tipo_nomina`, `basado_en`, `requerido`, `determinado`, `carga_horaria`, `created_at`, `updated_at`) VALUES (15, 'Club', 2, 'CLUB', 2, 1, 1, 2, 0, DEFAULT, NULL);
INSERT INTO `db_test`.`registro_nomina` (`id`, `nombre`, `tipo_valor`, `codigo_nomina`, `tipo_nomina`, `basado_en`, `requerido`, `determinado`, `carga_horaria`, `created_at`, `updated_at`) VALUES (16, 'Reposo SSO', 5, 'RSSO', 2, 4, 1, 2, 0, DEFAULT, NULL);

COMMIT;


-- -----------------------------------------------------
-- Data for table `db_test`.`registroNomina_tipoEmpleado`
-- -----------------------------------------------------
START TRANSACTION;
USE `db_test`;
INSERT INTO `db_test`.`registroNomina_tipoEmpleado` (`id`, `registroNomina_id`, `cantidad`, `tipo_empleado`, `depende_de`, `updated_at`, `created_at`) VALUES (1, 1, 0, 1, 1, NULL, DEFAULT);
INSERT INTO `db_test`.`registroNomina_tipoEmpleado` (`id`, `registroNomina_id`, `cantidad`, `tipo_empleado`, `depende_de`, `updated_at`, `created_at`) VALUES (2, 1, 0, 2, 1, NULL, DEFAULT);
INSERT INTO `db_test`.`registroNomina_tipoEmpleado` (`id`, `registroNomina_id`, `cantidad`, `tipo_empleado`, `depende_de`, `updated_at`, `created_at`) VALUES (3, 1, 0, 3, 1, NULL, DEFAULT);
INSERT INTO `db_test`.`registroNomina_tipoEmpleado` (`id`, `registroNomina_id`, `cantidad`, `tipo_empleado`, `depende_de`, `updated_at`, `created_at`) VALUES (4, 2, 10, 3, 1, NULL, DEFAULT);
INSERT INTO `db_test`.`registroNomina_tipoEmpleado` (`id`, `registroNomina_id`, `cantidad`, `tipo_empleado`, `depende_de`, `updated_at`, `created_at`) VALUES (5, 3, 1700, 1, 1, NULL, DEFAULT);
INSERT INTO `db_test`.`registroNomina_tipoEmpleado` (`id`, `registroNomina_id`, `cantidad`, `tipo_empleado`, `depende_de`, `updated_at`, `created_at`) VALUES (6, 3, 1700, 2, 1, NULL, DEFAULT);
INSERT INTO `db_test`.`registroNomina_tipoEmpleado` (`id`, `registroNomina_id`, `cantidad`, `tipo_empleado`, `depende_de`, `updated_at`, `created_at`) VALUES (7, 3, 1700, 3, 1, NULL, DEFAULT);
INSERT INTO `db_test`.`registroNomina_tipoEmpleado` (`id`, `registroNomina_id`, `cantidad`, `tipo_empleado`, `depende_de`, `updated_at`, `created_at`) VALUES (8, 4, 140, 1, 1, NULL, DEFAULT);
INSERT INTO `db_test`.`registroNomina_tipoEmpleado` (`id`, `registroNomina_id`, `cantidad`, `tipo_empleado`, `depende_de`, `updated_at`, `created_at`) VALUES (9, 4, 140, 2, 1, NULL, DEFAULT);
INSERT INTO `db_test`.`registroNomina_tipoEmpleado` (`id`, `registroNomina_id`, `cantidad`, `tipo_empleado`, `depende_de`, `updated_at`, `created_at`) VALUES (10, 4, 140, 3, 1, NULL, DEFAULT);
INSERT INTO `db_test`.`registroNomina_tipoEmpleado` (`id`, `registroNomina_id`, `cantidad`, `tipo_empleado`, `depende_de`, `updated_at`, `created_at`) VALUES (11, 5, 2000, 3, 1, NULL, DEFAULT);
INSERT INTO `db_test`.`registroNomina_tipoEmpleado` (`id`, `registroNomina_id`, `cantidad`, `tipo_empleado`, `depende_de`, `updated_at`, `created_at`) VALUES (12, 6, 25, 3, 4, NULL, DEFAULT);
INSERT INTO `db_test`.`registroNomina_tipoEmpleado` (`id`, `registroNomina_id`, `cantidad`, `tipo_empleado`, `depende_de`, `updated_at`, `created_at`) VALUES (13, 6, 33, 3, 5, NULL, DEFAULT);
INSERT INTO `db_test`.`registroNomina_tipoEmpleado` (`id`, `registroNomina_id`, `cantidad`, `tipo_empleado`, `depende_de`, `updated_at`, `created_at`) VALUES (14, 7, 0, 1, 1, NULL, DEFAULT);
INSERT INTO `db_test`.`registroNomina_tipoEmpleado` (`id`, `registroNomina_id`, `cantidad`, `tipo_empleado`, `depende_de`, `updated_at`, `created_at`) VALUES (15, 7, 0, 2, 1, NULL, DEFAULT);
INSERT INTO `db_test`.`registroNomina_tipoEmpleado` (`id`, `registroNomina_id`, `cantidad`, `tipo_empleado`, `depende_de`, `updated_at`, `created_at`) VALUES (16, 7, 0, 3, 1, NULL, DEFAULT);
INSERT INTO `db_test`.`registroNomina_tipoEmpleado` (`id`, `registroNomina_id`, `cantidad`, `tipo_empleado`, `depende_de`, `updated_at`, `created_at`) VALUES (17, 8, 50, 1, 1, NULL, DEFAULT);
INSERT INTO `db_test`.`registroNomina_tipoEmpleado` (`id`, `registroNomina_id`, `cantidad`, `tipo_empleado`, `depende_de`, `updated_at`, `created_at`) VALUES (18, 8, 50, 2, 1, NULL, DEFAULT);
INSERT INTO `db_test`.`registroNomina_tipoEmpleado` (`id`, `registroNomina_id`, `cantidad`, `tipo_empleado`, `depende_de`, `updated_at`, `created_at`) VALUES (19, 8, 78, 3, 1, NULL, DEFAULT);
INSERT INTO `db_test`.`registroNomina_tipoEmpleado` (`id`, `registroNomina_id`, `cantidad`, `tipo_empleado`, `depende_de`, `updated_at`, `created_at`) VALUES (20, 9, 120, 1, 1, NULL, DEFAULT);
INSERT INTO `db_test`.`registroNomina_tipoEmpleado` (`id`, `registroNomina_id`, `cantidad`, `tipo_empleado`, `depende_de`, `updated_at`, `created_at`) VALUES (21, 9, 120, 2, 1, NULL, DEFAULT);
INSERT INTO `db_test`.`registroNomina_tipoEmpleado` (`id`, `registroNomina_id`, `cantidad`, `tipo_empleado`, `depende_de`, `updated_at`, `created_at`) VALUES (22, 9, 120, 3, 1, NULL, DEFAULT);
INSERT INTO `db_test`.`registroNomina_tipoEmpleado` (`id`, `registroNomina_id`, `cantidad`, `tipo_empleado`, `depende_de`, `updated_at`, `created_at`) VALUES (23, 10, 12, 1, 2, NULL, DEFAULT);
INSERT INTO `db_test`.`registroNomina_tipoEmpleado` (`id`, `registroNomina_id`, `cantidad`, `tipo_empleado`, `depende_de`, `updated_at`, `created_at`) VALUES (24, 10, 14, 1, 3, NULL, DEFAULT);
INSERT INTO `db_test`.`registroNomina_tipoEmpleado` (`id`, `registroNomina_id`, `cantidad`, `tipo_empleado`, `depende_de`, `updated_at`, `created_at`) VALUES (25, 10, 12, 2, 2, NULL, DEFAULT);
INSERT INTO `db_test`.`registroNomina_tipoEmpleado` (`id`, `registroNomina_id`, `cantidad`, `tipo_empleado`, `depende_de`, `updated_at`, `created_at`) VALUES (26, 10, 14, 2, 3, NULL, DEFAULT);
INSERT INTO `db_test`.`registroNomina_tipoEmpleado` (`id`, `registroNomina_id`, `cantidad`, `tipo_empleado`, `depende_de`, `updated_at`, `created_at`) VALUES (27, 11, 4.5, 1, 1, NULL, DEFAULT);
INSERT INTO `db_test`.`registroNomina_tipoEmpleado` (`id`, `registroNomina_id`, `cantidad`, `tipo_empleado`, `depende_de`, `updated_at`, `created_at`) VALUES (28, 11, 4.5, 2, 1, NULL, DEFAULT);
INSERT INTO `db_test`.`registroNomina_tipoEmpleado` (`id`, `registroNomina_id`, `cantidad`, `tipo_empleado`, `depende_de`, `updated_at`, `created_at`) VALUES (29, 11, 4.5, 3, 1, NULL, DEFAULT);
INSERT INTO `db_test`.`registroNomina_tipoEmpleado` (`id`, `registroNomina_id`, `cantidad`, `tipo_empleado`, `depende_de`, `updated_at`, `created_at`) VALUES (30, 12, 1, 1, 1, NULL, DEFAULT);
INSERT INTO `db_test`.`registroNomina_tipoEmpleado` (`id`, `registroNomina_id`, `cantidad`, `tipo_empleado`, `depende_de`, `updated_at`, `created_at`) VALUES (31, 12, 1, 2, 1, NULL, DEFAULT);
INSERT INTO `db_test`.`registroNomina_tipoEmpleado` (`id`, `registroNomina_id`, `cantidad`, `tipo_empleado`, `depende_de`, `updated_at`, `created_at`) VALUES (32, 12, 1, 3, 1, NULL, DEFAULT);
INSERT INTO `db_test`.`registroNomina_tipoEmpleado` (`id`, `registroNomina_id`, `cantidad`, `tipo_empleado`, `depende_de`, `updated_at`, `created_at`) VALUES (33, 13, 0, 1, 1, NULL, DEFAULT);
INSERT INTO `db_test`.`registroNomina_tipoEmpleado` (`id`, `registroNomina_id`, `cantidad`, `tipo_empleado`, `depende_de`, `updated_at`, `created_at`) VALUES (34, 13, 0, 2, 1, NULL, DEFAULT);
INSERT INTO `db_test`.`registroNomina_tipoEmpleado` (`id`, `registroNomina_id`, `cantidad`, `tipo_empleado`, `depende_de`, `updated_at`, `created_at`) VALUES (35, 13, 0, 3, 1, NULL, DEFAULT);
INSERT INTO `db_test`.`registroNomina_tipoEmpleado` (`id`, `registroNomina_id`, `cantidad`, `tipo_empleado`, `depende_de`, `updated_at`, `created_at`) VALUES (36, 14, 0, 1, 1, NULL, DEFAULT);
INSERT INTO `db_test`.`registroNomina_tipoEmpleado` (`id`, `registroNomina_id`, `cantidad`, `tipo_empleado`, `depende_de`, `updated_at`, `created_at`) VALUES (37, 14, 0, 2, 1, NULL, DEFAULT);
INSERT INTO `db_test`.`registroNomina_tipoEmpleado` (`id`, `registroNomina_id`, `cantidad`, `tipo_empleado`, `depende_de`, `updated_at`, `created_at`) VALUES (38, 14, 0, 3, 1, NULL, DEFAULT);
INSERT INTO `db_test`.`registroNomina_tipoEmpleado` (`id`, `registroNomina_id`, `cantidad`, `tipo_empleado`, `depende_de`, `updated_at`, `created_at`) VALUES (39, 15, 0, 1, 1, NULL, DEFAULT);
INSERT INTO `db_test`.`registroNomina_tipoEmpleado` (`id`, `registroNomina_id`, `cantidad`, `tipo_empleado`, `depende_de`, `updated_at`, `created_at`) VALUES (40, 15, 0, 2, 1, NULL, DEFAULT);
INSERT INTO `db_test`.`registroNomina_tipoEmpleado` (`id`, `registroNomina_id`, `cantidad`, `tipo_empleado`, `depende_de`, `updated_at`, `created_at`) VALUES (41, 15, 0, 3, 1, NULL, DEFAULT);
INSERT INTO `db_test`.`registroNomina_tipoEmpleado` (`id`, `registroNomina_id`, `cantidad`, `tipo_empleado`, `depende_de`, `updated_at`, `created_at`) VALUES (42, 16, 0, 1, 1, NULL, DEFAULT);
INSERT INTO `db_test`.`registroNomina_tipoEmpleado` (`id`, `registroNomina_id`, `cantidad`, `tipo_empleado`, `depende_de`, `updated_at`, `created_at`) VALUES (43, 16, 0, 2, 1, NULL, DEFAULT);
INSERT INTO `db_test`.`registroNomina_tipoEmpleado` (`id`, `registroNomina_id`, `cantidad`, `tipo_empleado`, `depende_de`, `updated_at`, `created_at`) VALUES (44, 16, 0, 3, 1, NULL, DEFAULT);

COMMIT;


-- -----------------------------------------------------
-- Data for table `db_test`.`variablesGlobales_tipoEmpleado`
-- -----------------------------------------------------
START TRANSACTION;
USE `db_test`;
INSERT INTO `db_test`.`variablesGlobales_tipoEmpleado` (`id`, `variablesGlobales_id`, `tipo_empleado`, `cantidad`, `updated_at`) VALUES (1, 1, 1, 2700, NULL);
INSERT INTO `db_test`.`variablesGlobales_tipoEmpleado` (`id`, `variablesGlobales_id`, `tipo_empleado`, `cantidad`, `updated_at`) VALUES (2, 1, 2, 2700, NULL);
INSERT INTO `db_test`.`variablesGlobales_tipoEmpleado` (`id`, `variablesGlobales_id`, `tipo_empleado`, `cantidad`, `updated_at`) VALUES (3, 1, 3, 2700, NULL);
INSERT INTO `db_test`.`variablesGlobales_tipoEmpleado` (`id`, `variablesGlobales_id`, `tipo_empleado`, `cantidad`, `updated_at`) VALUES (4, 2, 1, 8, NULL);
INSERT INTO `db_test`.`variablesGlobales_tipoEmpleado` (`id`, `variablesGlobales_id`, `tipo_empleado`, `cantidad`, `updated_at`) VALUES (5, 2, 2, 8, NULL);
INSERT INTO `db_test`.`variablesGlobales_tipoEmpleado` (`id`, `variablesGlobales_id`, `tipo_empleado`, `cantidad`, `updated_at`) VALUES (6, 2, 3, 6.67, NULL);
INSERT INTO `db_test`.`variablesGlobales_tipoEmpleado` (`id`, `variablesGlobales_id`, `tipo_empleado`, `cantidad`, `updated_at`) VALUES (7, 3, 1, 0.2606, NULL);
INSERT INTO `db_test`.`variablesGlobales_tipoEmpleado` (`id`, `variablesGlobales_id`, `tipo_empleado`, `cantidad`, `updated_at`) VALUES (8, 3, 2, 0.2606, NULL);
INSERT INTO `db_test`.`variablesGlobales_tipoEmpleado` (`id`, `variablesGlobales_id`, `tipo_empleado`, `cantidad`, `updated_at`) VALUES (9, 3, 3, 0.2797, NULL);
INSERT INTO `db_test`.`variablesGlobales_tipoEmpleado` (`id`, `variablesGlobales_id`, `tipo_empleado`, `cantidad`, `updated_at`) VALUES (10, 4, 1, 50, NULL);
INSERT INTO `db_test`.`variablesGlobales_tipoEmpleado` (`id`, `variablesGlobales_id`, `tipo_empleado`, `cantidad`, `updated_at`) VALUES (11, 4, 2, 50, NULL);
INSERT INTO `db_test`.`variablesGlobales_tipoEmpleado` (`id`, `variablesGlobales_id`, `tipo_empleado`, `cantidad`, `updated_at`) VALUES (12, 4, 3, 78, NULL);
INSERT INTO `db_test`.`variablesGlobales_tipoEmpleado` (`id`, `variablesGlobales_id`, `tipo_empleado`, `cantidad`, `updated_at`) VALUES (13, 5, 1, 120, NULL);
INSERT INTO `db_test`.`variablesGlobales_tipoEmpleado` (`id`, `variablesGlobales_id`, `tipo_empleado`, `cantidad`, `updated_at`) VALUES (14, 5, 2, 120, NULL);
INSERT INTO `db_test`.`variablesGlobales_tipoEmpleado` (`id`, `variablesGlobales_id`, `tipo_empleado`, `cantidad`, `updated_at`) VALUES (15, 5, 3, 120, NULL);

COMMIT;





-- Volcado de datos para la tabla `empleado`
-- -----------------------------------------------------
START TRANSACTION;
USE `db_test`;
INSERT INTO `db_test`.`empleado` (`id`, `cargo_id`, `horas_semanales`, `fecha_ingreso`, `tipo_personal`, `nombres`, `apellidos`, `cedula`, `sso`, `lph`,`tiempo_completo`, `prestaciones_sociales_acumuladas`, `created_at`, `updated_at`, `deleted_at`) VALUES
(1, 12, 12, '1995-09-01', 4, 'Jesús', 'González D.', '3669946', 1, 0, 0, 0, '2018-12-13 13:33:38', '2018-12-13 13:33:38', NULL),
(2, 15, 36, '2006-09-01', 4, 'Beatriz', 'López', '3711561', 1, 0, 0, 0, '2018-12-13 13:36:13', '2018-12-13 13:36:52', NULL),
(3, 11, 33.33, '2015-09-01', 3, 'Johana', 'Medina', '20635976', 1, 1, 0, 0, '2018-12-13 13:39:16', '2018-12-13 13:39:16', NULL),
(4, 2, 30, '2013-09-01', 6, 'Laura', 'Dávila', '17697720', 1, 1, 0, 0, '2018-12-13 13:43:35', '2018-12-13 13:43:35', NULL),
(5, 1, 30, '2006-09-01', 6, 'Maricarmen', 'Figueroa', '8268517', 1, 1, 0, 0, '2018-12-13 13:46:45', '2018-12-13 13:46:45', NULL),
(6, 2, 30, '2001-09-01', 6, 'Maristela', 'Franco', '5489672', 1, 1, 0, 0, '2018-12-13 13:47:36', '2018-12-13 13:47:36', NULL),
(7, 7, 40, '2015-09-01', 7, 'Maximo', 'Acosta', '8300057', 1, 1, 0, 0, '2018-12-13 13:48:15', '2018-12-13 13:48:15', NULL),
(8, 7, 25, '2006-09-01', 7, 'María', 'Lunar', '3826180', 1, 1, 0, 0, '2018-12-13 13:49:36', '2018-12-13 13:49:36', NULL),
(9, 9, 40, '1995-09-01', 7, 'Antonio', 'Rojas', '11419046', 1, 1, 0, 0, '2018-12-13 13:50:23', '2018-12-13 13:50:23', NULL);

COMMIT;

-- Volcado de datos para la tabla `administrativo`

INSERT INTO `db_test`.`administrativo` (`id`, `empleado_id`, `nivel_instruccion`, `clasificacion_administrativo_id`, `created_at`, `updated_at`, `deleted_at`) VALUES
(1, 4, 2, 1, '2018-12-13 13:43:35', '2018-12-13 13:43:35', NULL),
(2, 5, 3, 57, '2018-12-13 13:46:45', '2018-12-13 13:46:45', NULL),
(3, 6, 2, 9, '2018-12-13 13:47:36', '2018-12-13 13:47:36', NULL);

COMMIT;

-- Volcado de datos para la tabla `docente`

INSERT INTO `db_test`.`docente` (`id`, `empleado_id`, `categoria_docente_id`, `titulo_docente`, `especializacion`, `postgrado`, `created_at`, `updated_at`, `deleted_at`) VALUES
(1, 1, 4, 7, 0, 0, '2018-12-13 13:33:38', '2018-12-13 13:33:39', NULL),
(2, 2, 4, 6, 1, 0, '2018-12-13 13:36:13', '2018-12-13 13:36:53', NULL),
(3, 3, 2, 1, 0, 0, '2018-12-13 13:39:16', '2018-12-13 13:39:16', NULL);

COMMIT;

-- Volcado de datos para la tabla `obrero`

INSERT INTO `db_test`.`obrero` (`id`, `empleado_id`, `nivel_instruccion`, `clasificacion_obrero_id`, `created_at`, `updated_at`, `deleted_at`) VALUES
(1, 7, 1, 1, '2018-12-13 13:48:15', '2018-12-13 13:48:15', NULL),
(2, 8, 1, 6, '2018-12-13 13:49:36', '2018-12-13 13:49:36', NULL),
(3, 9, 3, 65, '2018-12-13 13:50:23', '2018-12-13 13:50:23', NULL);

COMMIT;